Key,English,French,Russian,Dutch,Italian,Portuguese,Spanish,Japanese,Thai,Korean,Filipino,Vietnamese,Malay,Indonesian,Polish,Simplified_Chinese,Traditional_Chinese,Danish,Turkish,Uzbek,Norwegian,Swedish,Romanian
TranslateLang,English,Français,Русский,Nederlands,Italiana,Português,Española,日本語,แบบไทย,한국인,Filipino,Tiếng_Việt,Melayu,Bahasa_Indonesia,Polski,简体中文,繁體中文,Dansk,Türkçe,ozbek,Norsk,Svenska,Română
Menu,Menu,Menu,Меню,Menu,Menù,Cardápio,Menú,メニュー,เมนู,메뉴,Menu,Thực đơn,Menu,Menu,Menu,菜单,選單,Menu,Menü,Menyu,Meny,Meny,Meniul
Settings,Settings,Paramètres,Настройки,Instellingen,Impostazioni,Configurações,Ajustes,設定,การตั้งค่า,설정,Mga setting,Cài đặt,tetapan,Pengaturan,Ustawienia,设置,設定,Indstillinger,Ayarlar,Sozlamalar,Innstillinger,inställningar,Setări
Battle,Battle,Bataille,Боевой,Strijd,Battaglia,Batalha,Batalla,戦い,การต่อสู้,전투,Labanan,Trận đánh,Pertempuran,Pertarungan,Bitwa,战斗,戰鬥,Kamp,Savaş,Jang,Slag,Slåss,Luptă
Profile,Profile,Profil,Профиль,Profiel,Profilo,Perfil,Perfil,プロフィール,ประวัติโดยย่อ,프로필,Profile,Hồ sơ,Profil,Profil,Profil,轮廓,輪廓,Profil,Profil,Profil,Profil,Profil,Profil
Park,Park,Parc,Парк,Park,Parco,Parque,Parque,公園,สวน,공원,Park,Công viên,Taman,Taman,Park,公园,公園,Parkere,Park,Park,Parkere,Parkera,Parc
Shop,Shop,Boutique,Магазин,Winkel,Negozio,Comprar,Comercio,店,ร้านค้า,가게,Mamili,Cửa hàng,kedai,Toko,Sklep,店铺,店鋪,Butik,Mağaza,Do'kon,Butikk,affär,Magazin
Customize,Customize,Personnaliser,Настроить,Aanpassen,personalizzare,Customizar,Personalizar,カスタマイズ,ปรับแต่ง,사용자 정의,I-customize,Tùy chỉnh,Sesuaikan,Sesuaikan,Dostosuj,定制,客製化,Tilpas,Özelleştirmek,Moslashtiring,Tilpass,Anpassa,Personalizați
Edit Profile,Edit Profile,Loading...,Loading...,Loading...,Loading...,Loading...,Loading...,Loading...,Loading...,Loading...,Loading...,Loading...,Loading...,Loading...,Loading...,Loading...,Loading...,Loading...,Loading...,Loading...,Loading...,Loading...,Loading...
Kingdoms,Kingdoms,Royaumes,Королевства,Koninkrijken,Regni,Reinos,Reinos,王国,อาณาจักร,왕국,mga kaharian,Vương quốc,kerajaan,Kerajaan,Królestwa,王国,王國,Riger,Krallıklar,Shohliklar,Kongedømmer,kungadömena,Regate
Friends Corner,Friends Corner,Coin des amis,Уголок друзей,Vriendenhoek,L'angolo degli amici,Cantinho dos Amigos,Rincón de amigos,フレンズコーナー,มุมเพื่อน,프렌즈 코너,Friends Corner,Góc bạn bè,Sudut Kawan,Pojok Teman,Kącik Przyjaciół,朋友角,朋友角,Friends Corner,Arkadaşlar Köşesi,Do'stlar burchagi,Friends Corner,Friends Corner,Colțul prietenilor
Search Kingdom,Search Kingdom,Recherche Royaume,Поиск Королевства,Zoek Koninkrijk,Cerca Regno,Pesquisar Reino,Reino de búsqueda,探索王国,ค้นหาอาณาจักร,왕국 검색,Hanapin ang Kaharian,Tìm kiếm Vương quốc,Cari Kerajaan,Kerajaan Pencarian,Wyszukaj Królestwo,搜索王国,搜索王國,Søg Kingdom,Krallıkta Ara,Qirollikni qidiring,Søk i Kingdom,Sök kungariket,Caută Regatul
LogOut,LogOut,Se déconnecter,Выйти,Uitloggen,Disconnettersi,Sair,Cerrar sesión,ログアウト,ออกจากระบบ,로그 아웃,Mag-logout,Đăng xuất,Log keluar,Keluar,Wyloguj,登出,登出,Log ud,Çıkış Yap,Chiqish,Logg ut,Logga ut,Deconectați-vă
KINGDOM-JOIN KINGDOM,KINGDOM-JOIN KINGDOM,ROYAUME-REJOIGNEZ LE ROYAUME,КОРОЛЕВСТВО – ПРИСОЕДИНЯЙТЕСЬ К КОРОЛЕВСТВУ,KONINKRIJK - WORD LID VAN KONINKRIJK,KINGDOM - UNISCITI A KINGDOM,REINO-JUNTE-SE AO REINO,REINO-ÚNETE AL REINO,キングダム - キングダムに参加,ราชอาณาจักรเข้าร่วมราชอาณาจักร,왕국-왕국에 합류,KAHARIAN-SUMALI SA KAHARIAN,VƯƠNG QUỐC-THAM GIA VƯƠNG QUỐC,KERAJAAN-SERTAI KERAJAAN,KERAJAAN-BERGABUNG DENGAN KERAJAAN,KRÓLESTWO – DOŁĄCZ DO KRÓLESTWA,王国-加入王国,王國-加入王國,KONGERIGE-GÅ MED TIL KONGERIGE,KRALLIK-KRALLIĞA KATILIN,SHOHLIK-QIROLLIKGA QO'SHILING,KINGDOM-GÅ MED I KINGDOM,KUNGARIKET-GÅ MED KUNGARIKET,REGATUL-ALĂTURAȚI-VĂ ÎN REGATUL
Auto Join,Auto Join,Rejoindre automatiquement,Автоматическое присоединение,Automatische deelname,Unione automatica,Associação automática,Unirse automáticamente,自動参加,เข้าร่วมอัตโนมัติ,자동 가입,Auto Join,Tự động tham gia,Auto Sertai,Gabung Otomatis,Automatyczne dołączanie,自动加入,自動加入,Auto Join,Otomatik Katıl,Avtomatik qo'shilish,Auto Join,Auto Join,Alăturare automată
Create Kingdom,Create Kingdom,Créer un royaume,Создать Королевство,Creëer koninkrijk,Crea Regno,Criar Reino,crear reino,王国を創る,สร้างอาณาจักร,왕국 창조,Lumikha ng Kaharian,Tạo Vương quốc,Cipta Kerajaan,Ciptakan Kerajaan,Stwórz Królestwo,创建王国,創建王國,Skab kongerige,Krallık Oluştur,Shohlikni yaratish,Skap rike,Skapa kungariket,Creați regatul
SEARCH FOR A KINGDOM,SEARCH FOR A KINGDOM,RECHERCHE D'UN ROYAUME,ПОИСК КОРОЛЕВСТВА,ZOEK NAAR EEN KONINKRIJK,CERCA UN REGNO,BUSCA POR UM REINO,BÚSQUEDA DE UN REINO,王国を探す,ค้นหาอาณาจักร,왕국을 찾으세요,MAGHAHANAP NG ISANG KAHARIAN,TÌM KIẾM MỘT VƯƠNG QUỐC,CARI SEBUAH KERAJAAN,CARI KERAJAAN,SZUKAJ KRÓLESTWA,寻找王国,尋找王國,SØG EFTER ET KONGERIGE,BİR KRALLIK ARA,SHOHLIKNI Izlang,SØK ETTER ET RIKE,SÖK EFTER ETT KUNGARIKET,CAUTA UN REGAT
Search,Search,Recherche,Поиск,Zoekopdracht,Ricerca,Procurar,Buscar,検索,ค้นหา,찾다,Maghanap,Tìm kiếm,Cari,Mencari,Szukaj,搜索,搜尋,Søg,Aramak,Qidirmoq,Søk,Sök,Căutare
Invite To Kingdom,Invite To Kingdom,Inviter au Royaume,Пригласить в Королевство,Uitnodigen voor het koninkrijk,Invito al regno,Convidar para o Reino,Invitar al reino,王国へご招待,เชิญเข้าสู่อาณาจักร,왕국에 초대,Mag-imbita sa Kaharian,Mời Đến Vương Quốc,Jemput Ke Kerajaan,Undang Ke Kerajaan,Zaproś do królestwa,邀请进入王国,邀請進入王國,Inviter til riget,Krallığa Davet Et,Shohlikka taklif qiling,Inviter til riket,Bjud in till kungariket,Invită în Regat
Disband Kingdom,Disband Kingdom,Dissoudre le royaume,Расформировать Королевство,Koninkrijk ontbinden,Sciogliere il Regno,Dissolver Reino,Disolver el reino,王国を解散する,ยุบอาณาจักร,왕국해체,Iwaksi ang Kaharian,Vương quốc giải tán,Bubarkan Kerajaan,Bubarkan Kerajaan,Rozwiązać Królestwo,解散王国,解散王國,Opløs Riget,Krallığı Dağıt,Shohlikni tarqating,Oppløse riket,Upplösa kungariket,Dizolvați Regatul
Leave Kigdom,Leave Kigdom,Quitter le Royaume,Покинуть Королевство,Verlaat Kigdom,Lascia Regno,Sair do Kigdom,salir del reino,王国を離れる,ทิ้งกิ๊กโดมไว้,키그돔을 떠나세요,Umalis ka na sa Kigdom,Rời khỏi vương quốc,Tinggalkan Kigdom,Tinggalkan Kidom,Opuść Kiddom,离开王国,離開王國,Forlad Kigdom,Kingdom'dan ayrıl,Qirollikni tark eting,Forlat Kigdom,Lämna Kigdom,Părăsiți Regatul
MEMBERS,MEMBERS,MEMBRES,ЧЛЕНЫ,LEDEN,MEMBRI,MEMBROS,MIEMBROS,メンバー,สมาชิก,회원,MGA MIYEMBRO,CÁC THÀNH VIÊN,AHLI,ANGGOTA,CZŁONKOWIE,会员,會員,MEDLEMMER,ÜYELER,A'ZOLAR,MEDLEMMER,MEDLEMMAR,MEMBRII
Report,Report,Rapport,Отчет,Rapport,Rapporto,Relatório,Informe,報告,รายงาน,보고서,Ulat,Báo cáo,Laporan,Laporan,Raport,报告,報告,Rapport,Rapor,Hisobot,Rapportere,Rapportera,Raport
Edit Kingdom,Edit Kingdom,Modifier le Royaume,Редактировать Королевство,Koninkrijk bewerken,Modifica Regno,Editar Reino,Editar Reino,王国を編集する,แก้ไขอาณาจักร,왕국 편집,I-edit ang Kaharian,Chỉnh sửa Vương quốc,Edit Kingdom,Sunting Kerajaan,Edytuj Królestwo,编辑王国,編輯王國,Rediger Kongerige,Krallığı Düzenle,Qirollikni tahrirlash,Rediger Kingdom,Redigera kungariket,Editează Regatul
Role Setting,Role Setting,Définition des rôles,Настройка роли,Rol instelling,Impostazione del ruolo,Configuração de função,Configuración de roles,役割の設定,การตั้งค่าบทบาท,역할 설정,Pagtatakda ng Tungkulin,Cài đặt vai trò,Penetapan Peranan,Pengaturan Peran,Ustawienie roli,角色设定,角色設定,Rolleindstilling,Rol Ayarı,Rollarni sozlash,Rolleinnstilling,Rollinställning,Setarea rolului
Cancel,Cancel,Annuler,Отмена,Annuleren,Annulla,Cancelar,Cancelar,キャンセル,ยกเลิก,취소,Kanselahin,Hủy bỏ,Batal,Membatalkan,Anulować,取消,取消,Afbestille,İptal etmek,Bekor qilish,Avbryt,Annullera,Anulare
Choose Role,Choose Role,Choisir un rôle,Выберите роль,Kies Rol,Scegli Ruolo,Escolha a função,Elija rol,役割の選択,เลือกบทบาท,역할 선택,Piliin ang Tungkulin,Chọn vai trò,Pilih Peranan,Pilih Peran,Wybierz rolę,选择角色,選擇角色,Vælg Rolle,Rol Seç,Rolni tanlang,Velg Rolle,Välj Roll,Alegeți Rol
Set Role,Set Role,Définir le rôle,Установить роль,Rol instellen,Imposta ruolo,Definir função,Establecer rol,役割を設定する,กำหนดบทบาท,역할 설정,Itakda ang Tungkulin,Đặt vai trò,Tetapkan Peranan,Tetapkan Peran,Ustaw rolę,设置角色,設定角色,Indstil rolle,Rol Belirle,Rolni o'rnatish,Angi rolle,Ange roll,Setați rolul
Send Invite,Send Invite,Envoyer une invitation,Отправить приглашение,Uitnodiging sturen,Invia un invito,Mandar convite,Enviar invitación,招待を送る,ส่งคำเชิญ,초대장 보내기,Magpadala ng imbitasyon,Gửi lời mời,Hantar Jemputan,Kirim undangan,Wyślij zaproszenie,发送邀请,發送邀請,Send invitation,Davetiye gönder,Taklif yuborish,Send invitasjon,Skicka inbjudan,Trimite invitație
Kingdom Join Requests,Kingdom Join Requests,Demandes d’adhésion au Royaume,Запросы на присоединение к Королевству,Koninkrijkslidmaatschapsverzoeken,Richieste di adesione al Regno,Solicitações de adesão ao Reino,Solicitudes de unión al Reino,王国への参加リクエスト,คำขอเข้าร่วมราชอาณาจักร,왕국 가입 요청,Mga Kahilingan sa Pagsali sa Kaharian,Yêu cầu tham gia Vương quốc,Permintaan Sertai Kerajaan,Permintaan Bergabung Kerajaan,Prośby o przyłączenie się do królestwa,王国加入请求,王國加入請求,Anmodninger om kongerige tilmelding,Krallığa Katılma İstekleri,Shohlikka qo'shilish so'rovlari,Forespørsler om kongeriket,Anmälningar om kungariket,Solicitări de aderare la regat
View Profile,View Profile,Voir le profil,Просмотреть профиль,Bekijk profiel,Vedi profilo,Ver perfil,Ver perfil,プロフィールを見る,ดูประวัติ,프로필보기,Tingnan ang Profile,Xem hồ sơ,Lihat profil,Tampilkan profil,Zobacz profil,查看资料,查看資料,Se profil,Profili Görüntüle,Profilni ko'rish,Vis profil,Visa profil,Vezi profil
Accept,Accept,Accepter,Принимать,Aanvaarden,Accettare,Aceitar,Aceptar,受け入れる,ยอมรับ,수용하다,Tanggapin,Chấp nhận,Terima,Menerima,Zaakceptować,接受,接受,Acceptere,Kabul etmek,Qabul qiling,Aksepterer,Acceptera,Accept
Reject,Reject,Rejeter,Отклонять,Afwijzen,Rifiutare,Rejeitar,Rechazar,拒否する,ปฏิเสธ,거부하다,Tanggihan,Từ chối,Tolak,Menolak,Odrzucić,拒绝,拒絕,Afvise,Reddetmek,Rad etish,Avvis,Avvisa,Respinge
KINGDOM ROLES,KINGDOM ROLES,RÔLES DU ROYAUME,РОЛЬ КОРОЛЕВСТВА,KONINKRIJK ROLLEN,RUOLI DEL REGNO,PAPÉIS DO REINO,FUNCIONES DEL REINO,王国の役割,บทบาทของราชอาณาจักร,왕국의 역할,MGA TUNGKOL SA KAHARIAN,VAI TRÒ CỦA VƯƠNG QUỐC,PERANAN KERAJAAN,PERAN KERAJAAN,ROLE KRÓLESTWA,王国角色,王國角色,KONGERIGE ROLLER,KRALLIK ROLLERİ,SHOHLIK ROLLARI,RIKE ROLLER,KUNGARIKETS ROLLER,ROLURI REGATULUI
Leader,Leader,Chef,Лидер,Leider,Capo,Líder,Líder,リーダー,ผู้นำ,지도자,Pinuno,Lãnh đạo,Ketua,Pemimpin,Lider,领导者,領導者,Leder,Önder,Rahbar,Leder,Ledare,Lider
Co-Leader,Co-Leader,Co-leader,Соруководитель,Medeleider,Co-leader,Colíder,Co-líder,共同リーダー,ผู้นำร่วม,공동 리더,Pangalawang pinuno,đồng lãnh đạo,Pemimpin Bersama,Wakil Pemimpin,Współlider,共同领导,共同領導,Medleder,Eş Lider,Hammuallif,Medleder,Medledare,Co-lider
Officer,Officer,Officier,Офицер,Officier,Ufficiale,Policial,Oficial,役員,เจ้าหน้าที่,장교,Opisyal,Nhân viên văn phòng,Pegawai,Petugas,Oficer,官,官,Officer,Subay,Ofitser,Offiser,Officer,Ofiţer
Veteran,Veteran,Vétéran,Ветеран,Veteraan,Veterano,Veterano,Veterano,ベテラン,ทหารผ่านศึก,재향 군인,Beterano,Cựu chiến binh,Veteran,Veteran,Weteran,老将,老將,Veteran,Kıdemli,Veteran,Veteran,Veteran,Veteran
Member,Member,Membre,Член,Lid,Membro,Membro,Miembro,メンバー,สมาชิก,회원,Miyembro,Thành viên,Ahli,Anggota,Członek,成员,成員,Medlem,Üye,A'zo,Medlem,Medlem,Membru
MY ALLIANCE,MY ALLIANCE,MON ALLIANCE,МОЙ АЛЬЯНС,MIJN ALLIANTIE,LA MIA ALLEANZA,MINHA ALIANÇA,MI ALIANZA,私の同盟,พันธมิตรของฉัน,나의 동맹,ANG AKING ALYANSA,LIÊN MINH CỦA TÔI,PAKATAN SAYA,ALIANSI SAYA,MÓJ SOJUSZ,我的联盟,我的聯盟,MIN ALLIANCE,İTTİFAĞIM,MENING ittifoqim,MIN ALLIANSE,MIN ALLIANS,ALIANTA MEA
Guest,Guest,Invité,Гость,Gast,Ospite,Convidado,Invitado,ゲスト,แขก,손님,Bisita,Khách mời,tetamu,Tamu,Gość,客人,客人,Gæst,Misafir,Mehmon,Gjest,Gäst,Oaspete
Collect,Collect,Collecter,Собирать,Verzamelen,Raccogliere,Coletar,Recolectar,集める,เก็บรวบรวม,모으다,Mangolekta,Sưu tầm,Kumpul,Mengumpulkan,Zbierać,收集,收集,Indsamle,TOPLAMAK,Yig'ish,Samle inn,Samla,Colectarea
Add with player name,Add with player name,Ajouter avec le nom du joueur,Добавить с именем игрока,Voeg toe met spelersnaam,Aggiungi con il nome del giocatore,Adicionar com nome do jogador,Agregar con el nombre del jugador,プレイヤー名を付けて追加,เพิ่มด้วยชื่อผู้เล่น,플레이어 이름으로 추가,Idagdag gamit ang pangalan ng manlalaro,Thêm với tên người chơi,Tambah dengan nama pemain,Tambahkan dengan nama pemain,Dodaj z nazwą gracza,添加玩家姓名,新增玩家姓名,Tilføj med spillernavn,Oyuncu adıyla ekle,O'yinchi nomi bilan qo'shing,Legg til med spillernavn,Lägg till med spelarens namn,Adăugați cu numele jucătorului
Sort By,Sort By,Trier par,Сортировать по,Sorteer op,Ordina per,Ordenar por,Ordenar por,並べ替え,เรียงตาม,정렬 기준,Pagbukud-bukurin Ayon,Sắp xếp theo,Disusun mengikut,Sortir dengan,Sortuj według,排序方式,排序方式,Sorter efter,Göre sırala,Saralash turi,Sorter etter,Sortera efter,Filtrează după
Kingdom name,Kingdom name,Nom du royaume,Название королевства,Koninkrijksnaam,Nome del Regno,Nome do reino,nombre del reino,王国名,ชื่ออาณาจักร,왕국 이름,Pangalan ng kaharian,Tên vương quốc,Nama kerajaan,Nama Kerajaan,Imię królestwa,王国名称,王國名稱,Rigets navn,Krallık adı,Shohlik nomi,Rikets navn,Rikets namn,Nume de regat
Location,Location,Emplacement,Расположение,Plaats,Posizione,Localização,Ubicación,位置,ที่ตั้ง,위치,Lokasyon,Vị trí,Lokasi,Lokasi,Lokalizacja,地点,地點,Beliggenhed,Konum,Manzil,plassering,Plats,Locație
Join Setting,Join Setting,Rejoindre le paramètre,Настройка присоединения,Deelnemen aan instelling,Partecipa all'impostazione,Configuração de adesão,Unirse a la configuración,参加設定,เข้าร่วมการตั้งค่า,가입 설정,Sumali sa Setting,Tham gia cài đặt,Sertai Tetapan,Bergabunglah dengan Pengaturan,Dołącz do ustawienia,加入设置,加入設定,Deltag Indstilling,Katıl Ayarı,Sozlamaga qo'shilish,Bli med Innstilling,Gå med Inställning,Setarea de alăturare
Description,Description,Description,Описание,Beschrijving,Descrizione,Descrição,Descripción,説明,คำอธิบาย,설명,Paglalarawan,Sự miêu tả,Penerangan,Keterangan,Opis,描述,描述,Beskrivelse,Tanım,Tavsif,Beskrivelse,Beskrivning,Descriere
Update Kingdom,Update Kingdom,Mettre à jour le royaume,Обновить Королевство,Koninkrijk bijwerken,Aggiorna Regno,Atualizar Reino,Actualizar Reino,アップデートキングダム,อัพเดทอาณาจักร,왕국 업데이트,I-update ang Kaharian,Cập nhật Vương quốc,Kemas kini Kingdom,Perbarui Kerajaan,Zaktualizuj Królestwo,更新王国,更新王國,Opdater Kingdom,Krallığı Güncelle,Qirollikni yangilang,Oppdater Kingdom,Uppdatera kungariket,Actualizați Regatul
Warnig,Warnig,Avertissement,Варниг,Waarschuw,Avvertimento,Aviso,Advertencia,警告,วอร์นิก,경고,Warnig,Cảnh báo,Warnig,Peringatan,Ostrzeżenie,沃尼格,沃尼格,Advarsel,uyarı,Ogohlantirish,Advarsel,Varning,Warnig
Kick out,Kick out,Expulser,Выгнать,Uitschoppen,Caccia fuori,Expulsar,Echar a patadas,キックアウト,เสือกไสไล่ส่ง,내 보내,Kick out,đá ra,Menendang keluar,Mengeluarkan,Wykopać,踢出,踢出,Spark ud,dışarı at,Chiqish,Kaste ut,Sparka ut,Dă afară
Friends,Friends,Amis,Друзья,Vrienden,Amici,Amigos,Amigos,友達,เพื่อน,친구,Mga kaibigan,Bạn,Kawan-kawan,Teman-teman,Przyjaciele,朋友们,朋友們,Venner,Arkadaşlar,Do'stlar,Venner,Vänner,Prieteni
Friends Requests,Friends Requests,Demandes d'amis,Запросы в друзья,Vriendenverzoeken,Richieste di amicizia,Pedidos de amigos,Solicitudes de amigos,友達リクエスト,คำขอเป็นเพื่อน,친구 요청,Mga Kahilingan sa Kaibigan,Yêu cầu bạn bè,Permintaan Kawan,Permintaan Teman,Prośby o znajomych,好友请求,好友請求,Venneanmodninger,Arkadaşlık İstekleri,Do'stlar so'rovlari,Venneforespørsler,Vännerförfrågningar,Cereri de prieteni
Muted Friends,Muted Friends,Amis en sourdine,Приглушенные друзья,Gedempte vrienden,Amici disattivati,Amigos silenciados,Amigos silenciados,ミュートフレンズ,เพื่อนเงียบ,음소거된 친구,Naka-mute na Kaibigan,Bạn bè bị tắt tiếng,Rakan yang disenyapkan,Teman yang Dibungkam,Wyciszeni przyjaciele,静音的朋友,靜音的朋友,Afdæmpede venner,Sessiz Arkadaşlar,Ovozsiz do'stlar,Dempede venner,Dämpade vänner,Prieteni dezactivați
Search Friend,Search Friend,Rechercher un ami,Поиск друга,Zoek vriend,Cerca amico,Pesquisar amigo,Buscar amigo,友達を検索,ค้นหาเพื่อน,친구 검색,Maghanap ng Kaibigan,Tìm kiếm bạn bè,Cari Kawan,Cari Teman,Wyszukaj przyjaciela,搜索好友,搜尋好友,Søg ven,Arkadaş ara,Do'stni qidiring,Søk etter venn,Sök vän,Caută prieten
Send Coins,Send Coins,Envoyer des pièces,Отправить монеты,Stuur munten,Invia monete,Enviar moedas,enviar monedas,コインを送る,ส่งเหรียญ,코인 보내기,Magpadala ng mga barya,Gửi xu,Hantar Syiling,Kirim Koin,Wyślij monety,发送硬币,發送硬幣,Send mønter,Para Gönder,Tangalarni yuborish,Send mynter,Skicka mynt,Trimite monede
 Name, Name, Nom, Имя, Naam, Nome, Nome, Nombre, 名前, ชื่อ, 이름, Pangalan, Tên, Nama, Nama, Nazwa, 姓名, 姓名, Navn, İsim, Ism, Navn, namn, Nume
Cancel Request,Cancel Request,Demande d'annulation,Отменить запрос,Annuleer verzoek,Richiesta cancellata,Cancelar pedido,Cancelar petición,キャンセルリクエスト,ยกเลิกคำขอ,요청 취소,Kanselahin ang Kahilingan,Hủy yêu cầu,Batalkan permintaan,Batalkan permintaan,Anulować żądanie,取消请求,取消請求,Annuller anmodning,İsteği iptal et,So'rovni bekor qilish,Avbryt forespørsel,Avbryt förfrågan,Anulează cererea
Accept Request,Accept Request,Accepter la requête,Принять запрос,Accepteer verzoek,Richiesta accettata,Aceitar pedido,Aceptar petición,要請を受け入れます,ยอมรับคำขอ,요청 수락,Tanggapin ang alok,Chấp nhận yêu cầu,Terima Permintaan,Menerima permintaan,Zaakceptować prośbę,接受请求,接受請求,Accepter anmodning,Kabul et isteği,So'rovni qabul qiling,Aksepter forespørsel,Acceptera förfrågan,Acceptați cererea
Reject Request,Reject Request,Rejeter la demande,Отклонить запрос,Verzoek afwijzen,Rifiuta la richiesta,Rejeitar solicitação,Rechazar solicitud,リクエストを拒否する,ปฏิเสธคำขอ,요청 거부,Tanggihan ang Kahilingan,Từ chối yêu cầu,Tolak Permintaan,Tolak Permintaan,Odrzuć żądanie,拒绝请求,拒絕請求,Afvis anmodning,İsteği Reddet,So'rovni rad qilish,Avvis forespørsel,Avvisa begäran,Respinge cererea
Send Request,Send Request,Envoyer une demande,Послать запрос,Verzend verzoek,Invia richiesta,Enviar pedido,Enviar petición,リクエストの送信,ส่งคำขอ,요청 보내기,Magpadala ng Kahilingan,Gửi yêu cầu,Hantar Permintaan,Kirim Permintaan,Wysłać prośbę,发送请求,發送請求,Send anmodning,İstek gönder,So'rov yuboring,Send forespørsel,Skicka förfrågan,Trimite cerere
UnFriend,UnFriend,Désami,Удалить из друзей,Ontvriend,Non amico,Desamigo,antiamigo,アンフレンド,เลิกเป็นเพื่อน,친구가 아니다,Hindi Kaibigan,Hủy kết bạn,Tidak Kawan,Tidak Berteman,Nieprzyjaciel,解除好友关系,解除好友關係,UnFriend,Arkadaşlıktan Çıkar,Doʻstni olib tashlash,UnFriend,UnFriend,Unprieten
Mute,Mute,Muet,Немой,Stom,Muto,Mudo,Silenciar,ミュート,ปิดเสียง,무음,I-mute,Tắt tiếng,bisu,Bisu,Niemy,沉默的,沉默的,Stum,Sesini kapatmak,Ovozsiz,Stum,Stum,Mut
Un Mute,Un Mute,Un muet,Без звука,Un Mute,Un Muto,Desativar o som,Sin silencio,ミュートを解除する,ยกเลิกการปิดเสียง,음소거 해제,Un Mute,Tắt tiếng,Nyah Bisu,Membunyikan,Wyłącz wyciszenie,取消静音,取消靜音,Slå lyden fra,Sesini açmak,Ovozni o‘chirish,Slå av lyden,Avstängd,Un Mute
Your friend list is currently empty. Send some friend requests and make new connections,Your friend list is currently empty. Send some friend requests and make new connections,Votre liste d'amis est actuellement vide. Envoyez des demandes d'amis et établissez de nouvelles connexions,Ваш список друзей в настоящее время пуст. Отправляйте запросы на добавление в друзья и заводите новые знакомства,Je vriendenlijst is momenteel leeg. Stuur wat vriendschapsverzoeken en maak nieuwe connecties,La tua lista di amici è attualmente vuota. Invia alcune richieste di amicizia e crea nuove connessioni,Sua lista de amigos está vazia no momento. Envie alguns pedidos de amizade e faça novas conexões,Tu lista de amigos está actualmente vacía. Envía algunas solicitudes de amistad y haz nuevas conexiones.,あなたの友達リストは現在空です。友達リクエストを送って新しいつながりを作りましょう,รายชื่อเพื่อนของคุณว่างเปล่าในขณะนี้ ส่งคำขอเป็นเพื่อนและสร้างการเชื่อมต่อใหม่,현재 친구 목록이 비어 있습니다. 친구 요청을 보내고 새로운 관계를 맺으세요,Kasalukuyang walang laman ang iyong listahan ng kaibigan. Magpadala ng ilang kahilingan sa kaibigan at gumawa ng mga bagong koneksyon,Danh sách bạn bè của bạn hiện đang trống. Gửi một số yêu cầu kết bạn và tạo kết nối mới,Senarai rakan anda kosong pada masa ini. Hantar beberapa permintaan rakan dan buat sambungan baharu,Daftar teman Anda saat ini kosong. Kirim beberapa permintaan pertemanan dan buat koneksi baru,Twoja lista znajomych jest obecnie pusta. Wyślij kilka zaproszeń do znajomych i nawiąż nowe kontakty,您的好友列表目前为空。发送一些好友请求并建立新的联系,您的好友清單目前為空。發送一些好友請求並建立新的聯繫,Din venneliste er i øjeblikket tom. Send nogle venneanmodninger og opret nye forbindelser,Arkadaş listeniz şu anda boş. Birkaç arkadaşlık isteği gönderin ve yeni bağlantılar kurun,Doʻstlaringiz roʻyxati hozirda boʻsh. Doʻstlik soʻrovlarini yuboring va yangi ulanishlar oʻrnating,Vennelisten din er tom. Send noen venneforespørsler og få nye forbindelser,Din vänlista är för närvarande tom. Skicka några vänförfrågningar och skapa nya kontakter,Lista ta de prieteni este în prezent goală. Trimiteți niște solicitări de prietenie și faceți noi conexiuni
Feeling lonely? It's time to build your dino pack! Invite friends to join the adventure and conquer the prehistoric world together!,Feeling lonely? It's time to build your dino pack! Invite friends to join the adventure and conquer the prehistoric world together!,Se sentir seul? Il est temps de construire votre pack de dinosaures ! Invitez vos amis à rejoindre l'aventure et à conquérir le monde préhistorique ensemble !,Чувствую себя одиноко? Пришло время собрать свою динозавровую стаю! Пригласите друзей присоединиться к приключению и вместе покорить доисторический мир!,Eenzaam voelen? Het is tijd om je dinopakket samen te stellen! Nodig vrienden uit om mee te doen aan het avontuur en samen de prehistorische wereld te veroveren!,Sentirsi soli? È ora di costruire il tuo pacchetto dinosauri! Invita gli amici a unirsi all'avventura e conquistare insieme il mondo preistorico!,Sentindo solitário? É hora de construir seu pacote de dinossauros! Convide amigos para se juntarem à aventura e conquistarem o mundo pré-histórico juntos!,¿Te sientes solo? ¡Es hora de construir tu paquete de dinosaurios! ¡Invita a tus amigos a unirse a la aventura y conquistar juntos el mundo prehistórico!,孤独に感じる？恐竜パックを構築する時が来ました!友達を招待して冒険に参加し、一緒に先史時代の世界を征服しましょう!,รู้สึกเหงา? ถึงเวลาสร้างชุดไดโนของคุณแล้ว! ชวนเพื่อนๆ ร่วมผจญภัยและพิชิตโลกยุคก่อนประวัติศาสตร์ด้วยกัน!,외로움을 느끼시나요? 이제 공룡 팩을 만들 시간입니다! 친구들을 초대하여 모험에 함께 참여하고 선사시대 세계를 함께 정복하세요!,Nakaramdam ng kalungkutan? Oras na para buuin ang iyong dino pack! Anyayahan ang mga kaibigan na sumali sa pakikipagsapalaran at sama-samang lupigin ang sinaunang-panahong mundo!,Cảm giác cô đơn? Đã đến lúc xây dựng gói khủng long của bạn! Mời bạn bè tham gia cuộc phiêu lưu và cùng nhau chinh phục thế giới thời tiền sử!,Berasa sepi? Sudah tiba masanya untuk membina pek dino anda! Jemput rakan-rakan untuk menyertai pengembaraan dan menakluk dunia prasejarah bersama-sama!,Merasa kesepian? Saatnya membuat paket dino Anda! Undang teman untuk bergabung dalam petualangan dan taklukkan dunia prasejarah bersama!,Czuć się samotnie? Czas zbudować swój pakiet dinozaurów! Zaproś znajomych do przygody i wspólnie podbijajcie prehistoryczny świat!,感觉孤独？是时候构建你的恐龙包了！邀请好友一起冒险，一起征服史前世界！,感覺孤單？是時候建造你的恐龍包了！邀請好友一起冒險，一起征服史前世界！,Føler mig ensom? Det er tid til at bygge din dino-pakke! Inviter venner til at deltage i eventyret og erobre den forhistoriske verden sammen!,Yalnız hissetmek? Dino paketinizi oluşturmanın zamanı geldi! Arkadaşlarınızı maceraya katılmaya ve tarih öncesi dünyayı birlikte fethetmeye davet edin!,O'zingizni yolg'iz his qilyapsizmi? Dino to'plamini yaratish vaqti keldi! Do'stlaringizni sarguzashtga qo'shilishga va tarixdan oldingi dunyoni birgalikda zabt etishga taklif qiling!,Føler seg ensom? Det er på tide å bygge dino-pakken din! Inviter venner til å bli med på eventyret og erobre den forhistoriske verden sammen!,Känner sig ensam? Det är dags att bygga ditt dinopaket! Bjud in vänner att gå med på äventyret och erövra den förhistoriska världen tillsammans!,Te simți singur? Este timpul să-ți construiești pachetul de dino! Invitați prietenii să se alăture aventurii și să cucerească împreună lumea preistorică!
Received friend requests,Received friend requests,Demandes d'amis reçues,Получены запросы на добавление в друзья,Ontvangen vriendschapsverzoeken,Richieste di amicizia ricevute,Solicitações de amizade recebidas,Petición de amigo recibida,友達リクエストを受け取りました,ได้รับการร้องขอเป็นเพื่อน,친구요청을 받았습니다,Nakatanggap ng mga friend request,Nhận được yêu cầu kết bạn,Menerima permintaan rakan,Menerima permintaan pertemanan,Otrzymane zaproszenia do znajomych,收到好友请求,收到好友請求,Modtaget venneanmodninger,Arkadaşlık isteği alındı,Do'stlik so'rovlari olindi,Mottatt venneforespørsler,Fick vänförfrågningar,Solicitări de prietenie primite
Sent friend requests,Sent friend requests,Demandes d'amitié envoyées,Отправленные запросы в друзья,Vriendschapsverzoeken verzonden,Richieste di amicizia inviate,Enviou pedidos de amizade,Solicitudes de amistad enviadas,友達リクエストを送信しました,ส่งคำขอเป็นเพื่อนแล้ว,친구 요청을 보냈습니다.,Nagpadala ng mga kahilingan sa kaibigan,Đã gửi yêu cầu kết bạn,Menghantar permintaan rakan,Mengirim permintaan pertemanan,Wysłane zaproszenia do znajomych,已发送好友请求,已發送好友請求,Sendte venneanmodninger,Arkadaşlık istekleri gönderildi,Doʻstlik soʻrovlari yuborildi,Sendte venneforespørsler,Skickade vänförfrågningar,A trimis cereri de prietenie
Muted Players,Muted Players,Joueurs en sourdine,Приглушенные игроки,Gedempte spelers,Giocatori disattivati,Jogadores silenciados,Jugadores silenciados,ミュートされたプレーヤー,ผู้เล่นที่ปิดเสียง,음소거된 플레이어,Mga Naka-mute na Manlalaro,Người chơi bị tắt tiếng,Pemain yang disenyapkan,Pemain yang Dibungkam,Wyciszeni gracze,静音玩家,靜音玩家,Dæmpede spillere,Sessiz Oyuncular,Ovozsiz o'yinchilar,Dempede spillere,Dämpade spelare,Jucători dezactivați
Search by name or ID...,Search by name or ID...,Rechercher par nom ou identifiant...,Поиск по имени или идентификатору...,Zoek op naam of ID...,Cerca per nome o ID...,Pesquise por nome ou ID...,Buscar por nombre o DNI...,名前またはIDで検索...,ค้นหาตามชื่อหรือ ID...,이름이나 아이디로 검색하세요...,Maghanap ayon sa pangalan o ID...,Tìm kiếm theo tên hoặc ID...,Cari mengikut nama atau ID...,Cari berdasarkan nama atau ID...,Szukaj według nazwy lub identyfikatora...,按姓名或 ID 搜索...,按姓名或 ID 搜尋...,Søg efter navn eller id...,Ada veya kimliğe göre arayın...,Ism yoki ID bo'yicha qidirish...,Søk etter navn eller ID...,Sök på namn eller ID...,Căutați după nume sau ID...
Search by ID,Search by ID,Rechercher par identifiant,Поиск по идентификатору,Zoek op ID,Cerca per ID,Pesquisar por ID,Buscar por identificación,IDで検索,ค้นหาด้วยรหัส,ID로 검색,Maghanap sa pamamagitan ng ID,Tìm kiếm theo ID,Cari mengikut ID,Cari berdasarkan ID,Wyszukaj według identyfikatora,按 ID 搜索,按 ID 搜尋,Søg på ID,Kimliğe göre ara,ID bo'yicha qidirish,Søk på ID,Sök på ID,Căutați după ID
Search by Name,Search by Name,Rechercher par nom,Поиск по имени,Zoek op naam,Ricerca per nome,Procura por nome,Buscar por nombre,名前で検索,ค้นหาตามชื่อ,이름으로 검색,Maghanap ayon sa Pangalan,Tìm kiếm theo tên,Cari mengikut Nama,Cari berdasarkan nama,Szukaj według nazwy,按名称搜索,按名稱搜尋,Søg på navn,Ada Göre Ara,Ism bo'yicha qidirish,Søk på navn,Sök på namn,Cauta dupa nume
Are you sure to unfriend?,Are you sure to unfriend?,Êtes-vous sûr de ne plus être ami ?,"Вы уверены, что хотите удалиться из друзей?",Weet je zeker dat je wilt ontvrienden?,Sei sicuro di togliere l'amicizia?,Tem certeza de que deseja cancelar a amizade?,¿Estás seguro de dejar de ser amigo?,友達を解除してもよろしいですか?,คุณแน่ใจหรือว่าจะเลิกเป็นเพื่อน?,친구 관계를 끊으시겠어요?,Sigurado ka bang mag-unfriend?,Bạn có chắc chắn hủy kết bạn không?,Adakah anda pasti untuk menyahkawan?,Apakah kamu yakin untuk berhenti berteman?,Czy na pewno chcesz usunąć przyjaciela?,您确定要取消好友关系吗？,您確定要取消好友關係嗎？,Er du sikker på at blive uvenner?,Arkadaşlıktan çıkacağınızdan emin misiniz?,Doʻstlikni bekor qilishga ishonchingiz komilmi?,Er du sikker på at du vil bli venn?,Är du säker på att bli vän?,Sunteți sigur că vă dezamăgiți?
User Name,User Name,Nom d'utilisateur,Имя пользователя,Gebruikersnaam,Nome utente,Nome de usuário,Nombre de usuario,ユーザー名,ชื่อผู้ใช้,사용자 이름,User Name,Tên tài khoản,Nama Pengguna,Nama belakang,Nazwa użytkownika,用户名,使用者名稱,Brugernavn,Kullanıcı adı,Foydalanuvchi nomi,Brukernavn,Användarnamn,Nume de utilizator
Nick Name,Nick Name,Surnom,Ник Имя,Bijnaam,Soprannome,Apelido,Apodo,ニックネーム,ชื่อนิค,닉네임,Palayaw,Tên nick,Nama Panggilan,Nama panggilan,Przezwisko,昵称,暱稱,Kaldenavn,Takma ad,Taxallus nomi,Kallenavn,Smeknamn,Poreclă
Enter your nick name...,Enter your nick name...,Entre ton surnom...,Введите ваш псевдоним...,Vul je bijnaam in...,Inserisci il tuo soprannome...,Entre com seu apelido...,Ingresa tu alias...,あなたのニックネームを入力します...,ใส่ชื่อเล่นของคุณ...,닉네임을 입력하세요...,Ilagay ang iyong palayaw...,Nhập biệt danh của bạn...,Masukkan nama samaran anda...,Masukkan nama panggilan Anda...,Podaj swój nick...,输入你的昵称...,輸入你的暱稱...,Indtast dit kaldenavn...,Takma adınızı giriniz...,Taxallusingizni kiriting...,Skriv inn kallenavnet ditt...,Skriv in ditt smeknamn...,Introduce-ti porecla...
Update,Update,Mise à jour,Обновлять,Update,Aggiornamento,Atualizar,Actualizar,アップデート,อัปเดต,업데이트,Update,Cập nhật,Kemas kini,Memperbarui,Aktualizacja,更新,更新,Opdatering,Güncelleme,Yangilash,Oppdater,Uppdatering,Actualizați
Enter new user name...,Enter new user name...,Entrez le nouveau nom d'utilisateur...,Введите новое имя пользователя...,Voer een nieuwe gebruikersnaam in...,Inserisci il nuovo nome utente...,Digite o novo nome de usuário...,Introduce un nuevo nombre de usuario...,新しいユーザー名を入力してください...,กรอกชื่อผู้ใช้ใหม่...,새 사용자 이름을 입력하세요...,Maglagay ng bagong user name...,Nhập tên người dùng mới...,Masukkan nama pengguna baharu...,Masukkan nama pengguna baru...,Wprowadź nową nazwę użytkownika...,输入新用户名...,輸入新使用者名稱...,Indtast nyt brugernavn...,Yeni kullanıcı adını girin...,Yangi foydalanuvchi nomini kiriting...,Skriv inn nytt brukernavn...,Ange nytt användarnamn...,Introduceți un nou nume de utilizator...
Share Resources,Share Resources,Partager des ressources,Поделиться ресурсами,Deel bronnen,Condividi risorse,Compartilhar recursos,Compartir recursos,リソースを共有する,แบ่งปันทรัพยากร,리소스 공유,Magbahagi ng Mga Mapagkukunan,Chia sẻ tài nguyên,Kongsi Sumber,Bagikan Sumber Daya,Udostępnij zasoby,共享资源,共享資源,Del ressourcer,Kaynakları Paylaşın,Resurslarni ulashish,Del ressurser,Dela resurser,Partajați resurse
Enter other player ID...,Enter other player ID...,Entrez l'ID d'un autre joueur...,Введите идентификатор другого игрока...,Voer een andere speler-ID in...,Inserisci l'ID dell'altro giocatore...,Insira outro ID de jogador...,Introduce el ID de otro jugador...,他のプレイヤーIDを入力してください...,กรอก ID ผู้เล่นอื่น...,다른 플레이어 ID를 입력하세요...,Maglagay ng ibang player ID...,Nhập ID người chơi khác...,Masukkan ID pemain lain...,Masukkan ID pemain lain...,Wprowadź inny identyfikator gracza...,输入其他玩家ID...,輸入其他玩家ID...,Indtast et andet spiller-id...,Diğer oyuncu kimliğini girin...,Boshqa oʻyinchi identifikatorini kiriting...,Skriv inn annen spiller-ID...,Ange andra spelar-ID...,Introduceți ID-ul celuilalt jucător...
Enter quantity...,Enter quantity...,Entrez la quantité...,Введите количество...,Hoeveelheid invoeren...,Inserisci la quantità...,Insira a quantidade...,Introduzca la cantidad...,数量を入力してください...,ใส่จำนวน...,수량을 입력하세요...,Ilagay ang dami...,Nhập số lượng...,Masukkan kuantiti...,Masukkan kuantitas...,Podaj ilość...,输入数量...,輸入數量...,Indtast antal...,Miktarı girin...,Miqdorni kiriting...,Angi mengde...,Ange antal...,Introdu cantitatea...
Transfer,Transfer,Transfert,Передача,Overdracht,Trasferimento,Transferir,Transferir,移行,โอนย้าย,옮기다,Paglipat,Chuyển khoản,Pemindahan,Transfer,Przenosić,转移,轉移,Overførsel,Aktar,Transfer,Overføre,Överföra,Transfer
My Team,My Team,Mon équipe,Моя команда,Mijn team,La mia squadra,Meu time,Mi equipo,私のチーム,ทีมของฉัน,내 팀,Aking Team,Đội của tôi,Pasukan saya,Kelompok ku,Moja drużyna,我的团队,我的團隊,Mit hold,Benim takımım,Mening jamoam,Mitt lag,Mitt lag,Echipa mea
Kingdom Invites,Kingdom Invites,Invitations au Royaume,Королевство приглашает,Koninkrijk uitnodigingen,Inviti del Regno,Convites do Reino,Invitaciones del Reino,王国への招待,อาณาจักรอัญเชิญ,왕국 초대,Mga Paanyaya sa Kaharian,Lời mời Vương quốc,Jemputan Kerajaan,Undangan Kerajaan,Królestwo zaprasza,王国邀请,王國邀請,Riget inviterer,Krallık Davetleri,Shohlik taklif qiladi,Riket inviterer,Kungariket inbjuder,Invită Regatul
Reject ,Reject ,Rejeter ,Отклонять ,Afwijzen ,Rifiutare ,Rejeitar ,Rechazar ,拒否する ,ปฏิเสธ ,거부하다 ,Tanggihan ,Từ chối ,Tolak ,Menolak ,Odrzucić ,拒绝 ,拒絕 ,Afvise ,Reddetmek ,Rad etish ,Avvis ,Avvisa ,Respinge 
No kingdom invitations yet. Send out invitations to grow your kingdom!,No kingdom invitations yet. Send out invitations to grow your kingdom!,Aucune invitation de royaume pour l'instant. Envoyez des invitations pour développer votre royaume !,Приглашений в королевство пока нет. Рассылайте приглашения для развития вашего королевства!,Nog geen koninkrijksuitnodigingen. Stuur uitnodigingen om je koninkrijk te laten groeien!,Nessun invito al regno ancora. Invia inviti per far crescere il tuo regno!,Nenhum convite do reino ainda. Envie convites para expandir seu reino!,Aún no hay invitaciones al reino. ¡Envía invitaciones para hacer crecer tu reino!,王国への招待状はまだありません。招待状を送って王国を成長させましょう！,ยังไม่มีคำเชิญอาณาจักร ส่งคำเชิญเพื่อขยายอาณาจักรของคุณ!,아직 왕국 초대가 없습니다. 왕국을 성장시키기 위해 초대장을 보내세요!,Wala pang imbitasyon sa kaharian. Magpadala ng mga imbitasyon para palaguin ang iyong kaharian!,Chưa có lời mời vương quốc nào. Gửi lời mời để phát triển vương quốc của bạn!,Belum ada jemputan kerajaan. Hantar jemputan untuk mengembangkan kerajaan anda!,Belum ada undangan kerajaan. Kirimkan undangan untuk mengembangkan kerajaan Anda!,"Nie ma jeszcze zaproszeń do królestwa. Wysyłaj zaproszenia, aby rozwijać swoje królestwo!",还没有王国邀请。发出邀请来发展你的王国！,還沒有王國邀請。發出邀請來發展你的王國！,Ingen kongerige invitationer endnu. Send invitationer til at vokse dit rige!,Henüz krallık daveti yok. Krallığınızı büyütmek için davetiye gönderin!,Hali hech qanday shohlik taklifi yo'q. Shohligingizni rivojlantirish uchun taklifnomalarni yuboring!,Ingen rike invitasjoner ennå. Send ut invitasjoner for å utvide ditt rike!,Inga kungarikesinbjudningar än. Skicka ut inbjudningar för att växa ditt rike!,Nicio invitație pentru regat încă. Trimite invitații pentru a-ți crește regatul!
OFFERS,OFFERS,DES OFFRES,ПРЕДЛОЖЕНИЯ,AANBIEDINGEN,OFFERTE,OFERTAS,OFERTAS,オファー,ข้อเสนอ,제안,MGA ALOK,ƯU ĐÃI,TAWARAN,PENAWARAN,OFERUJE,优惠,優惠,TILBUD,TEKLİFLER,TAKLIFLAR,TILBUD,ERBJUDANDEN,PROMOȚII
HELP & INFO,HELP & INFO,AIDE & INFOS,ПОМОЩЬ И ИНФОРМАЦИЯ,HULP & INFO,AIUTO E INFORMAZIONI,AJUDA E INFORMAÇÕES,AYUDA E INFORMACIÓN,ヘルプと情報,ความช่วยเหลือและข้อมูล,도움말 및 정보,TULONG at IMPORMASYON,TRỢ GIÚP & THÔNG TIN,BANTUAN & INFO,BANTUAN & INFORMASI,POMOC I INFORMACJE,帮助和信息,幫助和資訊,HJÆLP & INFO,YARDIM VE BİLGİ,YORDAM VA MA'LUMOT,HJELP OG INFO,HJÄLP & INFO,AJUTOR și INFORMAȚII
LEGAL,LEGAL,LÉGAL,ЮРИДИЧЕСКИЙ,JURIDISCH,LEGALE,JURÍDICO,LEGAL,法律上の,ถูกกฎหมาย,합법적인,LEGAL,HỢP PHÁP,SAH,HUKUM,PRAWNY,合法的,合法的,GYLDIGE,YASAL,HUQUQIY,LOVLIG,RÄTTSLIG,LEGALE
JOIN VIP,JOIN VIP,REJOIGNEZ VIP,ПРИСОЕДИНЯЙТЕСЬ к VIP,Sluit je aan bij VIP,UNISCITI A VIP,JUNTE-SE AO VIP,ÚNETE VIP,VIPに参加する,เข้าร่วมวีไอพี,VIP 가입,SUMALI sa VIP,THAM GIA VIP,SERTAI VIP,GABUNG VIP,DOŁĄCZ DO VIPA,加入贵宾,加入貴賓,TILMELD dig VIP,VIP'YE KATILIN,VIP QO'SHILING,BLI MED I VIP,GÅ MED I VIP,ÎNSCRIEȚI-VĂ VIP
RATE US,RATE US,ÉVALUEZ NOUS,ОЦЕНИТЕ НАС,BEOORDEEL ONS,VALUTACI,NOS AVALIE,NOS CALIFICA,私たちを評価してください,ให้คะแนนเรา,미국을 평가해 주세요,RATE US,ĐÁNH GIÁ CHÚNG TÔI,KADAR KAMI,NILAI KAMI,OCEŃ NAS,评价我们,評價我們,BEDØM OS,BİZİ DEĞERLENDİRİN,BIZGA baho bering,RANGERE OSS,GRADERA OSS,NE EVALUA
GRAPHICS,GRAPHICS,GRAPHIQUE,ГРАФИКА,GRAFIEK,GRAFICA,GRÁFICOS,GRÁFICOS,グラフィックス,กราฟิก,제도법,GRAPHICS,HÌNH ẢNH,GRAFIK,GRAFIS,GRAFIKA,图形,圖形,GRAFIK,GRAFİKLER,GRAFIKA,GRAFIKK,GRAFIK,GRAFICĂ
LANGUAGE,LANGUAGE,LANGUE,ЯЗЫК,TAAL,LINGUA,LINGUAGEM,IDIOMA,言語,ภาษา,언어,WIKA,NGÔN NGỮ,BAHASA,BAHASA,JĘZYK,语言,語言,SPROG,DİL,TILI,SPRÅK,SPRÅK,LIMBA
MASTER,MASTER,MAÎTRE,ВЛАДЕЛЕЦ,MEESTER,MAESTRO,MESTRE,MAESTRO,マスター,ผู้เชี่ยวชาญ,주인,MASTER,BẬC THẦY,MASTER,MENGUASAI,GOSPODARZ,掌握,掌握,MESTRE,USTA,MASTER,HERRE,BEMÄSTRA,MAESTRU
SFX,SFX,Effets sonores,звуковые эффекты,SFX,Effetti sonori,efeitos sonoros,efectos de sonido,特撮,เอสเอฟเอ็กซ์,특수효과,SFX,SFX,SFX,SFX,Efekty dźwiękowe,特效,特效,SFX,Efekt,SFX,SFX,SFX,SFX
UI MUSIC,UI MUSIC,MUSIQUE DE L'INTERFACE UTILISATEUR,Пользовательский интерфейс МУЗЫКА,UI-MUZIEK,MUSICA DELL'INTERFACCIA UTENTE,MÚSICA DA IU,MÚSICA DE LA UI,UIミュージック,UI เพลง,UI 뮤직,UI MUSIKA,Giao diện người dùng ÂM NHẠC,MUZIK UI,MUSIK UI,MUZYKA interfejsu użytkownika,用户界面音乐,使用者介面音樂,UI MUSIK,UI MÜZİĞİ,UI MUSIC,UI MUSIKK,UI MUSIK,MUZICA UI
POWER SAVER,POWER SAVER,ÉCONOMISEUR D'ÉNERGIE,ЭНЕРГОСБЕРЕЖЕНИЕ,ENERGIEBESPAARDER,RISPARMIO ENERGETICO,ECONOMIZADOR DE ENERGIA,AHORRADOR DE ENERGÍA,パワーセーバー,ประหยัดพลังงาน,절전,POWER SAVER,TIẾT KIỆM NĂNG LƯỢNG,PENJIMAT KUASA,PENGHEMAT DAYA,OSZCZĘDZACZ ENERGII,省电器,省電器,STRØMBESPARER,GÜÇ TASARRUFU,QUVVAT SAQLAGICH,STRØMSPARER,STRÖMSPARARE,ECONOMITOR DE ENERGIE
NOTIFICATIONS,NOTIFICATIONS,NOTIFICATIONS,УВЕДОМЛЕНИЯ,MELDINGEN,NOTIFICHE,NOTIFICAÇÕES,NOTIFICACIONES,通知,การแจ้งเตือน,알림,MGA PAUNAWA,THÔNG BÁO,PEMBERITAHUAN,PEMBERITAHUAN,POWIADOMIENIA,通知,通知,MEDDELELSER,BİLDİRİMLER,Ogohlantirishlar,MELDINGER,MEDDELANDEN,NOTIFICARI
ARE YOU SURE YOU WANNA LOGOUT?,ARE YOU SURE YOU WANNA LOGOUT?,ÊTES-VOUS SÛR DE VOUS DÉCONNECTER ?,"ВЫ УВЕРЕНЫ, ЧТО ХОТИТЕ ВЫЙТИ?",BENT U ZEKER DAT U WILT UITLOGGEN?,SEI SICURO DI VUOI DISCONNETTERTI?,TEM CERTEZA QUE QUER SAIR?,¿ESTÁS SEGURO DE QUE QUIERES CERRAR SESIÓN?,ログアウトしてもよろしいですか?,คุณแน่ใจหรือไม่ว่าต้องการออกจากระบบ?,정말로 로그아웃하시겠습니까?,SIGURADO KA BA NA GUSTO MO MAG LOGOUT?,BẠN CÓ CHẮC CHẮN MUỐN ĐĂNG NHẬP?,ADAKAH ANDA PASTI NAK LOG OUT?,APAKAH ANDA YAKIN INGIN LOGOUT?,CZY NA PEWNO CHCESZ SIĘ WYLOGOWAĆ?,您确定要退出吗？,您確定要退出嗎？,"ER DU SIKKER PÅ, AT DU VIL LOGGE UD?",OTURUMDAN ÇIKMAK İSTEDİĞİNİZDEN EMİN MİSİNİZ?,CHIKISHNI ISHLAB CHIQISHMISIZMI?,ER DU SIKKER PÅ AT DU VIL LOGGE UT?,ÄR DU SÄKER PÅ ATT DU VILL LOGGA UT?,SUNTEȚI SIGUR CĂ VREȚI DELEGE?
YES,YES,OUI,ДА,JA,SÌ,SIM,SÍ,はい,ใช่,예,OO,ĐÚNG,YA,YA,TAK,是的,是的,JA,EVET,HA,JA,JA,DA
NO,NO,NON,НЕТ,NEE,NO,NÃO,NO,いいえ,เลขที่,아니요,HINDI,KHÔNG,TIDAK,TIDAK,NIE,不,不,INGEN,HAYIR,YO'Q,NEI,NEJ,NU
FAVORITE DINOSAUR,FAVORITE DINOSAUR,DINOSAURE PRÉFÉRÉ,ЛЮБИМЫЙ ДИНОЗАВР,FAVORIETE DINOSAURUS,DINOSAURO PREFERITO,DINOSSAURO FAVORITO,DINOSAURIO FAVORITO,好きな恐竜,ไดโนเสาร์ตัวโปรด,좋아하는 공룡,PABORITONG DINOSAUR,KHỦNG LONG YÊU THÍCH,DINOSAUR KEGEMARAN,DINOSAURUS FAVORIT,ULUBIONY DINOZAUR,最喜欢的恐龙,最喜歡的恐龍,FAVORIT DINOSAUR,Favori Dinozor,SEVIMLI DINAZAVR,FAVORITT DINOSAUR,FAVORIT DINOSAURIE,DINOZAURUL PREFERAT
NEWS,NEWS,NOUVELLES,НОВОСТИ,NIEUWS,NOTIZIA,NOTÍCIAS,NOTICIAS,ニュース,ข่าว,소식,BALITA,TIN TỨC,BERITA,BERITA,AKTUALNOŚCI,消息,訊息,NYHEDER,HABERLER,YANGILIKLAR,NYHETER,NYHETER,ȘTIRI
DINOSAUR NO,DINOSAUR NO,DINOSAURE NON,ДИНОЗАВР НЕТ,DINOSAURUS NR,DINOSAURO N,DINOSSAURO NÃO,DINOSAURIO NO,恐竜NO,ไดโนเสาร์หมายเลข,공룡 없음,DINOSAUR NO,KHỦNG LONG KHÔNG,DINOSAUR NO,DINOSAURUS NO,DINOZAUR NR,恐龙号,恐龍號,DINOSAUR NR,dinozor yok,DINozavr NO,DINOSAUR NR,DINOSAURIE NR,DINOZAUR NR
SAVE,SAVE,SAUVEGARDER,СОХРАНЯТЬ,REDDEN,SALVA,SALVAR,AHORRAR,保存,บันทึก,구하다,MAGTIPID,CỨU,JIMAT,MENYIMPAN,RATOWAĆ,节省,節省,GEMME,KAYDETMEK,SAQLASH,LAGRE,SPARA,SALVA
LEVEL PROGRESS,LEVEL PROGRESS,PROGRESSION DU NIVEAU,ПРОГРЕСС УРОВНЯ,NIVEAU VOORUITGANG,PROGRESSO DI LIVELLO,PROGRESSO DE NÍVEL,PROGRESO DE NIVEL,レベルの進行状況,ความคืบหน้าระดับ,레벨 진행,LEVEL PROGRESS,TIẾN BỘ CẤP ĐỘ,PERINGKAT KEMAJUAN,KEMAJUAN TINGKAT,POZIOM POSTĘPU,等级进展,等級進展,NIVEAUFREMSKRIDT,SEVİYE İLERLEMESİ,DARAJA PROGRESS,NIVÅFRAMGANG,NIVÅFRAMSTEG,PROGRES DE NIVEL
LEVEL achievements,LEVEL achievements,Réalisations de NIVEAU,УРОВЕНЬ достижений,NIVEAU-prestaties,Risultati di LIVELLO,Conquistas de NÍVEL,Logros de NIVEL,レベルの実績,ความสำเร็จระดับ,LEVEL 업적,LEVEL na mga nagawa,Thành tích CẤP ĐỘ,pencapaian TAHAP,TINGKAT prestasi,POZIOM osiągnięć,等级成就,等級成就,LEVEL præstationer,SEVİYE başarıları,LEVEL yutuqlari,NIVÅ prestasjoner,LEVEL prestationer,realizări de NIVEL
BATTLE WON,BATTLE WON,BATAILLE GAGNÉE,БИТВА ВЫИГРАНА,SLAG GEWONNEN,BATTAGLIA VINTA,BATALHA GANHADA,BATALLA GANADA,戦いに勝利しました,การต่อสู้ชนะ,전투 승리,PANALO ANG LABAN,TRẬN CHIẾN THẮNG,PERTEMPURAN MENANG,PERTEMPURAN MENANG,BITWA WYGRANA,战斗胜利,戰鬥勝利,SLAG VANDT,SAVAŞ KAZANDI,JANGDA yutildi,KAMP VANT,SLAG VANN,Bătălia CÂŞTIGĂ
DINOSAUR LEVEL,DINOSAUR LEVEL,NIVEAU DINOSAURE,УРОВЕНЬ ДИНОЗАВРА,DINOSAURUS NIVEAU,LIVELLO DINOSAURO,NÍVEL DINOSSAURO,NIVEL DE DINOSAURIO,恐竜レベル,ระดับไดโนเสาร์,공룡 레벨,ANTAS NG DINOSAUR,CẤP ĐỘ KHỦNG LONG,PERINGKAT DINOSAUR,TINGKAT DINOSAURUS,POZIOM DINOZAURA,恐龙关卡,恐龍關卡,DINOSAUR-NIVEAU,DINOZOR SEVİYESİ,DINozavr DARAJASI,DINOSAURNIVÅ,DINOSAUR NIVÅ,NIVEL DINOZAUR
BOSS BATTLE WON,BOSS BATTLE WON,BATAILLE DE BOSS GAGNÉE,БИТВА С БОССОМ ВЫИГРАНА,BOSS BATTLE GEWONNEN,BATTAGLIA CON IL BOSS VINTA,BATALHA DO CHEFE GANHADA,BATALLA DEL JEFE GANADA,ボスバトルに勝利しました,การต่อสู้ของบอสชนะแล้ว,보스전 승리,PANALO ANG BOSS BATTLE,TRẬN CHIẾN BOSS THẮNG,BOSS BATTLE MENANG,PERTEMPURAN BOSS MENANG,WYGRANA BITWA Z BOSSEM,BOSS战获胜,BOSS戰獲勝,BOSS BATTLE VANDT,PATRON SAVAŞI KAZANDI,BOSS BATTLE G'alaba qozondi,BOSS BATTLE VANT,BOSS BATTLE VANN,Bătălia cu șef a câștigat
DINOSAUR PARK,DINOSAUR PARK,PARC DES DINOSAURES,ПАРК ДИНОЗАВРОВ,DINOSAURUSPARK,PARCO DEI DINOSAURI,PARQUE DINOSSAURO,PARQUE DE DINOSAURIO,恐竜公園,สวนไดโนเสาร์,공룡 공원,DINOSAUR PARK,CÔNG VIÊN KHỦNG LONG,TAMAN DINOSAUR,TAMAN DINOSAURUS,PARK DINOZAURÓW,恐龙园,恐龍園,DINOSAURPARK,Dinozor Parkı,DINozavrlar parki,DINOSAURPARK,DINOSAURIEPARK,PARCUL DINOZAURILOR
MULTIPALYER WINS,MULTIPALYER WINS,VICTOIRES MULTIPALYER,МНОГОПОЛЬЗОВАТЕЛЬСКИЕ ПОБЕДЫ,MULTIPALYER WINT,VINCE IL MULTIPALYER,MULTIPALADOR GANHA,GANANCIAS MULTIJUGADORES,マルチプレイヤーの勝利,ทวีคูณชนะ,멀티플레이어 승리,PANALO ANG MULTIPALYER,CHIẾN THẮNG NHIỀU NGƯỜI,BERGANDA MENANG,KEMENANGAN MULTIPALIER,WYGRYWA GRA WIELOOSOBOWA,多人获胜,多人獲勝,MULTIPALYER VINDER,ÇOK YÖNLÜ KAZANIR,MULTIPALYER G'alaba qozonadi,MULTIPALYER VINNER,MULTIPALYER VINNER,CÂȘTIGE MULTIPALIER
Downloading,Downloading,Téléchargement,Загрузка,Downloaden,Download in corso,Baixando,Descargando,ダウンロード中,กำลังดาวน์โหลด,다운로드 중,Nagda-download,Đang tải xuống,Memuat turun,Mengunduh,Ściąganie,正在下载,正在下載,Downloader,İndiriliyor,Yuklab olinmoqda,Laster ned,Laddar ner,Descărcarea
MUSIC,MUSIC,MUSIQUE,МУЗЫКА,MUZIEK,MUSICA,MÚSICA,MÚSICA,音楽,ดนตรี,음악,MUSIKA,ÂM NHẠC,MUZIK,MUSIK,MUZYKA,音乐,音樂,MUSIK,MÜZİK,MUSIQA,MUSIKK,MUSIK,MUZICĂ
COMING SOON,COMING SOON,À VENIR,ВСКОРЕ,BINNENKORT BESCHIKBAAR,PROSSIMAMENTE,EM BREVE,MUY PRONTO,近日公開,เร็วๆ นี้,출시 예정,MALAPIT NA,SẮP RA MẮT,AKAN DATANG,SEGERA HADIR,WKRÓTCE,即将推出,即將推出,KOMMER SNART,YAKINDA GELECEK,TEZ KUNLARDA,KOMMER SNART,KOMMER SNART,IN CURAND
VIBRATE,VIBRATE,VIBRER,ВИБРАЦИЯ,TRILLEN,VIBRARE,VIBRAR,VIBRAR,振動する,สั่น,떨리다,MAG-VIBRATE,RUNG,BERGETAR,BERGETAR,WIBROWAĆ,颤动,顫動,VIBRERE,TİTREŞİM,VIBRAT,VIBRERE,VIBRERA,VIBRAȚI
Two Vs Two,Two Vs Two,Deux contre deux,Двое против двух,Twee versus twee,Due contro due,Dois contra dois,Dos contra dos,2 対 2,สองกับสอง,2 대 2,Dalawa vs Dalawa,Hai vs Hai,Dua Vs Dua,Dua Vs Dua,Dwa kontra dwa,二对二,二對二,To mod to,İkiye Karşı İki,Ikki va ikki,To mot to,Två mot två,Doi Vs Doi
Computer,Computer,Ordinateur,Компьютер,Computer,Computer,Computador,Computadora,コンピューター,คอมพิวเตอร์,컴퓨터,Computer,Máy tính,Komputer,Komputer,Komputer,电脑,電腦,Computer,Bilgisayar,Kompyuter,Datamaskin,Dator,Calculator
One Vs One,One Vs One,Un contre un,Один против одного,Eén versus één,Uno contro uno,Um contra um,Uno contra uno,1 対 1,หนึ่งกับหนึ่ง,1 대 1,Isa vs Isa,Một đấu một,Satu Vs Satu,Satu Vs Satu,Jeden kontra jeden,一对一,一對一,En mod en,Bire Karşı Bir,Birga qarshi,En mot en,Ett mot ett,Unu Vs Unu
LOADING,LOADING,CHARGEMENT,ЗАГРУЗКА,BEZIG MET LADEN,CARICAMENTO,CARREGANDO,CARGANDO,読み込み中,กำลังโหลด,로딩 중,NAGLO-LOAD,ĐANG TẢI,MEMBUAT,MEMUAT,ŁADOWANIE,加载中,載入中,INDLÆSER,YÜKLENİYOR,YUKLAYOR,LASTER,LÄSER IN,SE ÎNCARCĂ
STORE,STORE,MAGASIN,МАГАЗИН,WINKEL,NEGOZIO,LOJA,ALMACENAR,店,เก็บ,가게,TINDAHAN,CỬA HÀNG,KEDAI,TOKO,SKLEP,店铺,店鋪,BUTIK,MAĞAZA,DO‘KON,BUTIKK,LAGRA,MAGAZIN
BUY,BUY,ACHETER,КУПИТЬ,KOPEN,ACQUISTARE,COMPRAR,COMPRAR,買う,ซื้อ,구입하다,BUMILI,MUA,BELI,MEMBELI,KUPIĆ,买,買,KØBE,SATIN ALMAK,SOTIB OLISH,KJØPE,KÖPA,CUMPĂRĂ
FIRE CANON,FIRE CANON,CANON À FEU,ОГНЕВАЯ ПУШКА,BRAND KANON,CANONE DEL FUOCO,CÂNONE DE FOGO,CANON DE FUEGO,ファイヤーキャノン,ปืนใหญ่ไฟ,파이어 캐논,FIRE CANON,PHÁO CHÁY,KANON API,KANON KEBAKARAN,KANON OGNIA,火炮,火砲,BRANDKANON,YANGIN KANONU,YOng'in CANON,BRANNKANON,BRANDKANON,CANON DE FOC
FIRE BOMB,FIRE BOMB,BOMBE DE FEU,ОГНЕННАЯ БОМБА,VUUR BOM,BOMBA INCENDIARIA,BOMBA DE INCÊNDIO,BOMBA DE FUEGO,ファイアボム,ระเบิดไฟ,화염 폭탄,BOMBANG APOY,BOM CHÁY,BOM API,BOM API,BOMBA OGNIOWA,火焰炸弹,火焰炸彈,BRANDBOMME,ATEŞ BOMBASI,YONG'IN BOMBASI,BRANNBOMB,BRANDBOMB,BOMBĂ DE FOC
VOLCANO BRUST,VOLCANO BRUST,VOLCAN BRUST,ВУЛКАН БРЮСТ,VULKAAN BRUST,BRUSCO DEL VULCANO,VULCÃO BRUST,BRUSTADA DEL VOLCÁN,ボルケーノブラスト,แปรงภูเขาไฟ,화산 브러스트,VOLCANO BRUST,NÓNG NÓI NÓNG NÓI,BRUSH GUNUNG BERAPI,GUNUNG BERAPI,BRĄZ WULKANU,火山喷发,火山爆發,VULKANBRUST,VOLKAN PÜRTÜSÜ,VULQON BRUST,VULKANBRUST,VULKANBRUST,VOLCAN BRUST
TAP TO CONTINUE,TAP TO CONTINUE,APPUYEZ POUR CONTINUER,"НАЖМИТЕ, ЧТОБЫ ПРОДОЛЖИТЬ",Tik om verder te gaan,TOCCA PER CONTINUARE,CLIQUE PARA CONTINUAR,PULSE PARA CONTINUAR,タップして続行,แตะเพื่อดำเนินการต่อ,계속하려면 탭하세요.,I-tap para MAGPATULOY,NHẤN ĐỂ TIẾP TỤC,KETIK UNTUK MENERUSKAN,KETUK UNTUK MELANJUTKAN,"KLIKNIJ, ABY KONTYNUOWAĆ",点击继续,點擊繼續,TRYK FOR AT FORTSÆTTE,DEVAM ETMEK İÇİN DOKUNUN,DAVOM ETISH UCHUN BOSING,TRYKK FOR Å FORTSETTE,KLICKA FÖR ATT FORTSÄTTA,APASĂ PENTRU A CONTINUA
SKIP,SKIP,SAUTER,ПРОПУСКАТЬ,OVERSLAAN,SALTARE,PULAR,SALTAR,スキップ,ข้าม,건너뛰다,LAKTAN,NHẢY,SKIP,MELEWATI,POMINĄĆ,跳过,跳過,SPRINGE,ATLAMAK,OʻTKAZISH,HOPPE OVER,HOPPA,OCOLIRE
Player Stats,Player Stats,Statistiques des joueurs,Статистика игрока,Spelerstatistieken,Statistiche del giocatore,Estatísticas do jogador,Estadísticas del jugador,プレイヤー統計,สถิติผู้เล่น,플레이어 통계,Istatistika ng Manlalaro,Thống kê người chơi,Statistik Pemain,Statistik Pemain,Statystyki graczy,球员统计数据,球員統計數據,Spillerstatistik,Oyuncu İstatistikleri,O'yinchi statistikasi,Spillerstatistikk,Spelarstatistik,Statisticile jucătorului
COINS,COINS,PIÈCES DE MONNAIE,МОНЕТЫ,MUNTEN,MONETE,MOEDAS,MONEDAS,コイン,เหรียญ,코인,BARYA,ĐỒNG XU,SYILING,KOIN,MONETY,硬币,硬幣,MØNTER,PARALAR,TANGALAR,MYNTER,MYNT,MONEDE
DINOMONDS,DINOMONDS,DINOMONDES,ДИНОМОНДЫ,DINOMANDEN,DINOMONDI,DINOMEDOS,DINOMONES,ダイノモンズ,ไดโนมอนด์,공룡,DINOMONDS,KHỦNG LONG,DINOMONDS,DINOMOND,DINOMONDY,恐龙王国,恐龍王國,DINOMONTER,DİNOMONDLAR,DINOMONDLAR,DINOMONTER,DINOMONTER,DINOMONDURI
EGG CAPSULES,EGG CAPSULES,GÉLULES D'ŒUFS,ЯИЧНЫЕ КАПСУЛЫ,EIERCAPSULES,CAPSULE DI UOVA,CÁPSULAS DE OVO,CÁPSULAS DE HUEVO,卵カプセル,แคปซูลไข่,계란 캡슐,EGG CAPSULES,VIÊN TRỨNG,KAPSUL TELUR,KAPSUL TELUR,KAPSUŁKI Z JAJ,鸡蛋胶囊,雞蛋膠囊,ÆGEKAPSULER,YUMURTA KAPSÜLLERİ,TUXUM KAPSULLARI,EGGKAPSLER,ÄGGKAPSLAR,CAPSULE DE OU
English,English,Anglais,Английский,Engels,Inglese,Inglês,Inglés,英語,ภาษาอังกฤษ,영어,Ingles,Tiếng Anh,Inggeris,Bahasa inggris,język angielski,英语,英語,engelsk,İngilizce,Ingliz,Engelsk,engelsk,Engleză
French,French,Français,Французский,Frans,francese,Francês,Francés,フランス語,ภาษาฝรั่งเศส,프랑스 국민,Pranses,người Pháp,Perancis,Perancis,Francuski,法语,法語,fransk,Fransızca,frantsuz,fransk,franska,limba franceza
Russian,Russian,russe,Русский,Russisch,russo,russo,ruso,ロシア,ภาษารัสเซีย,러시아인,Ruso,tiếng Nga,bahasa Rusia,Rusia,Rosyjski,俄语,俄文,Russisk,Rusça,rus,russisk,ryska,Rusă
Dutch,Dutch,Néerlandais,Голландский,Nederlands,Olandese,Holandês,Holandés,オランダの,ภาษาดัตช์,네덜란드 사람,Dutch,tiếng Hà Lan,Belanda,Belanda,Holenderski,荷兰语,荷蘭語,hollandsk,Flemenkçe,golland,nederlandsk,holländska,olandeză
Italian,Italian,italien,итальянский,Italiaans,Italiano,italiano,italiano,イタリアの,ภาษาอิตาลี,이탈리아 사람,Italyano,người Ý,Itali,Italia,Włoski,意大利语,義大利語,italiensk,İtalyan,italyancha,italiensk,italienska,Italiană
Portuguese,Portuguese,Portugais,португальский,Portugees,portoghese,Português,portugués,ポルトガル語,โปรตุเกส,포르투갈 인,Portuges,tiếng Bồ Đào Nha,Portugis,Portugis,portugalski,葡萄牙语,葡萄牙語,portugisisk,Portekizce,portugal,portugisisk,portugisiska,portugheză
Spanish,Spanish,Espagnol,испанский,Spaans,spagnolo,Espanhol,Español,スペイン語,สเปน,스페인의,Espanyol,người Tây Ban Nha,bahasa Sepanyol,Orang Spanyol,hiszpański,西班牙语,西班牙語,spansk,İspanyol,ispancha,spansk,spanska,Spaniolă
Japanese,Japanese,Japonais,Японский,Japans,giapponese,japonês,japonés,日本語,ญี่ปุ่น,일본어,Hapon,tiếng Nhật,Jepun,Jepang,język japoński,日本人,日本人,japansk,Japonca,yapon,japansk,japanska,japonez
Thai,Thai,thaïlandais,тайский,Thais,tailandese,tailandês,tailandés,タイ語,แบบไทย,태국어,Thai,tiếng Thái,Thai,Thai,tajski,泰国,泰國,Thai,Tay dili,tay,Thai,Thai,thailandez
Korean,Korean,coréen,Корейский,Koreaans,coreano,coreano,coreano,韓国語,เกาหลี,한국인,Koreano,Hàn Quốc,Korea,Korea,koreański,韩国人,韓國人,koreansk,Koreli,koreys,koreansk,koreanska,coreeană
Filipino,Filipino,Philippin,Филиппинский,Filipijns,filippino,filipino,filipino,フィリピン人,ฟิลิปปินส์,필리핀 사람,Filipino,Tiếng Philippin,Filipina,Filipina,Filipiński,菲律宾人,菲律賓人,filippinsk,Filipinli,Filippin,filippinsk,Filippinare,filipineză
Vietnamese,Vietnamese,vietnamien,вьетнамский,Vietnamees,vietnamita,vietnamita,vietnamita,ベトナム語,ภาษาเวียดนาม,베트남어,Vietnamese,Tiếng Việt,bahasa Vietnam,Orang Vietnam,wietnamski,越南语,越南語,vietnamesisk,Vietnam,Vetnam,vietnamesisk,vietnamesiska,vietnamez
Malay,Malay,malais,малайский,Maleis,malese,malaio,malayo,マレー語,มาเลย์,말레이 사람,Malay,Mã Lai,Melayu,Melayu,malajski,马来语,馬來語,malaysisk,Malayca,malay,malaysisk,malajiska,Malaeză
Indonesian,Indonesian,indonésien,индонезийский,Indonesisch,indonesiano,indonésio,indonesio,インドネシア語,ชาวอินโดนีเซีย,인도네시아 인,Indonesian,tiếng Indonesia,Indonesia,bahasa Indonesia,indonezyjski,印度尼西亚,印尼,indonesisk,Endonezya dili,indonez,indonesisk,indonesiska,indoneziană
Polish,Polish,polonais,Польский,Pools,Polacco,polonês,Polaco,研磨,ขัด,광택,Polish,Đánh bóng,Poland,Polandia,Polski,抛光,拋光,Polere,Lehçe,polyak,Pusse,putsa,Lustrui
Simplified_Chinese,Simplified_Chinese,Chinois simplifié,Упрощенный китайский,Vereenvoudigd Chinees,Cinese semplificato,Chinês simplificado,Chino_simplificado,簡体字中国語,ตัวย่อ_ภาษาจีน,간체_중국어,Simplified_Chinese,Tiếng Trung giản thể,Bahasa Cina_Mudah,Cina disederhanakan,Chiński uproszczony,简体中文,簡體中文,Forenklet_kinesisk,Basitleştirilmiş Çince,Soddalashtirilgan_xitoycha,Forenklet kinesisk,Förenklad kinesiska,Chineză simplificată
Traditional_Chinese,Traditional_Chinese,Chinois traditionnel,Традиционный китайский,Traditioneel Chinees,Cinese tradizionale,Chinês tradicional,Chino tradicional,繁体字中国語,แบบดั้งเดิม_จีน,번체_중국어,Tradisyunal na Intsik,Truyền thống Trung Quốc,Tradisional_Cina,Cina tradisional,Tradycyjne chińskie,繁体中文,繁體中文,Traditionelt kinesisk,Geleneksel çince,An'anaviy_xitoycha,Tradisjonell kinesisk,Traditionell kinesiska,Chineză tradițională
Danish,Danish,danois,датский,Deens,danese,dinamarquês,danés,デンマーク語,ภาษาเดนมาร์ก,덴마크 말,Danish,người Đan Mạch,Danish,Orang Denmark,duński,丹麦语,丹麥語,dansk,Danimarka,Daniya,dansk,danska,danez
Turkish,Turkish,turc,турецкий,Turks,Turco,turco,turco,トルコ語,ภาษาตุรกี,터키어,Turkish,tiếng Thổ Nhĩ Kỳ,bahasa Turki,Turki,turecki,土耳其,土耳其,tyrkisk,Türkçe,turkcha,tyrkisk,turkiska,turc
Uzbek,Uzbek,Ouzbek,Узбекский,Oezbeeks,Uzbeco,Usbeque,uzbeko,ウズベク語,อุซเบก,우즈벡어,Uzbek,tiếng Uzbek,Uzbek,Uzbekistan,uzbecki,乌兹别克语,烏茲別克語,usbekisk,Özbekçe,o'zbek,usbekisk,uzbekiska,uzbec
Norwegian,Norwegian,norvégien,Норвежский,Noors,norvegese,norueguês,noruego,ノルウェー語,ภาษานอร์เวย์,노르웨이 인,Norwegian,người Na Uy,bahasa Norway,Norwegia,norweski,挪威,挪威,Norsk,Norveççe,norveg,norsk,norska,norvegian
Swedish,Swedish,suédois,Шведский,Zweeds,svedese,sueco,sueco,スウェーデンの,ภาษาสวีเดน,스웨덴어,Swedish,tiếng Thụy Điển,bahasa Sweden,Orang Swedia,szwedzki,瑞典,瑞典,svensk,İsveççe,shvedcha,svensk,svenska,suedez
Romanian,Romanian,roumain,румынский,Roemeense,rumeno,romena,rumano,ルーマニア語,โรมาเนีย,루마니아 사람,Romanian,người Rumani,bahasa Romania,Rumania,rumuński,罗马尼亚语,羅馬尼亞語,rumænsk,Romen,rumin,rumensk,rumänska,Română
You need to unlock the Dinosaur first.,You need to unlock the Dinosaur first.,Vous devez d'abord déverrouiller le dinosaure.,Сначала вам нужно разблокировать Динозавра.,Je moet eerst de dinosaurus ontgrendelen.,Devi prima sbloccare il dinosauro.,Você precisa desbloquear o dinossauro primeiro.,Primero debes desbloquear el dinosaurio.,まず恐竜のロックを解除する必要があります。,คุณต้องปลดล็อคไดโนเสาร์ก่อน,먼저 공룡의 잠금을 해제해야 합니다.,Kailangan mo munang i-unlock ang Dinosaur.,Bạn cần mở khóa Khủng long trước.,Anda perlu membuka kunci Dinosaur terlebih dahulu.,Anda harus membuka kunci Dinosaurus terlebih dahulu.,Najpierw musisz odblokować dinozaura.,您需要先解锁恐龙。,您需要先解鎖恐龍。,Du skal låse dinosauren op først.,İlk önce Dinozorun kilidini açmanız gerekiyor.,Avval siz Dinozavrning qulfini ochishingiz kerak.,Du må låse opp dinosauren først.,Du måste låsa upp dinosaurien först.,Mai întâi trebuie să deblochezi dinozaurul.
CLOSE,CLOSE,FERMER,ЗАКРЫВАТЬ,DICHTBIJ,VICINO,FECHAR,CERCA,近い,ปิด,닫다,Isara,ĐÓNG,TUTUP,MENUTUP,ZAMKNĄĆ,关闭,關閉,TÆT,KAPALI,YOPISH,LUKK,STÄNGA,ÎNCHIDE
B DNA,B DNA,ADN B,Б ДНК,B-DNA,DNA B,ADN B,ADN B,B DNA,บี ดีเอ็นเอ,B DNA,B DNA,ADN B,B DNA,BDNA,DNA B,乙DNA,乙DNA,B DNA,B DNA'sı,B DNK,B DNA,B DNA,B ADN
LEVELED UP,LEVELED UP,NIVEAU SUPÉRIEUR,ПОВЫШЕННЫЙ УРОВЕНЬ,NIVEAU VERHOOGD,SALI DI LIVELLO,NIVELADO,SUBIDO DE NIVEL,レベルアップ,ยกระดับขึ้น,레벨 업,LEVELED UP,LÊN CẤP,MENINGKAT TINGKAT,NAIK TINGKAT,POZIOMOWANY,升级,升級,NIVEAU OP,SEVİYE YÜKSELTİLDİ,DARAJAGA YUKARILANGAN,NIVÅET OPP,NIVÅ UPP,A SUS NIVELUL
Welcome To Dinosaur Kingdom,Welcome To Dinosaur Kingdom,Bienvenue au royaume des dinosaures,Добро пожаловать в Королевство динозавров,Welkom in het dinosauruskoninkrijk,Benvenuti nel regno dei dinosauri,Bem-vindo ao Reino dos Dinossauros,Bienvenido al reino de los dinosaurios,恐竜王国へようこそ,ยินดีต้อนรับสู่อาณาจักรไดโนเสาร์,공룡 왕국에 오신 것을 환영합니다,Maligayang pagdating sa Dinosaur Kingdom,Chào mừng đến Vương quốc khủng long,Selamat Datang Ke Kerajaan Dinosaur,Selamat Datang di Kerajaan Dinosaurus,Witamy w Królestwie Dinozaurów,欢迎来到恐龙王国,歡迎來到恐龍王國,Velkommen til Dinosaur Kingdom,Dinozor Krallığına Hoş Geldiniz,Dinozavrlar qirolligiga xush kelibsiz,Velkommen til Dinosaur Kingdom,Välkommen till Dinosaur Kingdom,Bun venit în Regatul Dinozaurilor
OK,OK,D'ACCORD,ХОРОШО,OK,OK,OK,DE ACUERDO,わかりました,ตกลง,좋아요,OK,ĐƯỢC RỒI,okey,OKE,OK,好的,好的,Okay,TAMAM,KELISHDIKMI,OK,OK,Bine
Dino info,Dino info,Informations sur les dinosaures,Информация о динозавре,Dino-informatie,Informazioni su Dino,Informações do dinossauro,información de dinosaurio,恐竜情報,ข้อมูลไดโน,공룡 정보,Impormasyon ni Dino,Thông tin khủng long,info Dino,info Dino,Informacje o dinozaurach,恐龙信息,恐龍訊息,Dino info,Dino bilgisi,Dino haqida ma'lumot,Dino info,Dino info,Dino informații
Erase Energy,Erase Energy,Effacer l'énergie,Стереть энергию,Wis energie,Cancella energia,Apagar energia,Borrar energía,エネルギーを消去する,ลบพลังงาน,에너지 지우기,Burahin ang Enerhiya,Xóa năng lượng,Padam Tenaga,Hapus Energi,Wymaż Energię,擦除能量,擦除能量,Slet energi,Enerjiyi Sil,Energiyani o'chirish,Slett energi,Radera energi,Șterge energia
 PARK, PARK, PARC, ПАРК, PARK, PARCO, PARQUE, PARQUE, 公園, สวน, 공원, PARK, CÔNG VIÊN, TAMAN, TAMAN, PARK, 公园, 公園, PARKERE, PARK, PARK, PARKERE, PARKERA, PARC
"My name is LPGozzzi. I am here to help you, so I'll give you a small tour of the game","My name is LPGozzzi. I am here to help you, so I'll give you a small tour of the game","Je m'appelle LPGozzzi. Je suis là pour vous aider, je vais donc vous faire un petit tour du jeu","Меня зовут Л.П.Гоззи. Я здесь, чтобы помочь вам, поэтому проведу небольшой экскурс по игре.","Mijn naam is LPGozzzi. Ik ben hier om je te helpen, dus ik zal je een kleine rondleiding door het spel geven","Mi chiamo LPGozzzi. Sono qui per aiutarti, quindi ti farò un piccolo tour del gioco","Meu nome é LPGozzzi. Estou aqui para ajudá-lo, então farei um pequeno tour pelo jogo","Mi nombre es LPGozzzi. Estoy aquí para ayudarte, así que te daré un pequeño recorrido por el juego.",私の名前はLPゴッツィです。私はあなたを助けるためにここにいますので、ゲームの簡単なツアーをご案内します,ฉันชื่อ LPGozzzi ฉันอยู่ที่นี่เพื่อช่วยคุณ ดังนั้นฉันจะพาคุณไปชมเกมเล็กๆ น้อยๆ,제 이름은 LPGozzzi입니다. 나는 당신을 돕기 위해 여기에 있으므로 게임에 대한 작은 투어를 제공하겠습니다.,"Ang pangalan ko ay LPGozzzi. Narito ako upang tulungan ka, kaya bibigyan kita ng isang maliit na paglilibot sa laro","Tên tôi là LPGozzzi. Tôi ở đây để giúp bạn, vì vậy tôi sẽ cho bạn tham quan một chút về trò chơi","Nama saya LPGozzzi. Saya di sini untuk membantu anda, jadi saya akan memberi anda lawatan kecil tentang permainan ini","Nama saya LPGozzzi. Saya di sini untuk membantu Anda, jadi saya akan memberi Anda tur kecil tentang permainan ini","Nazywam się LPGozzzi. Jestem tu, żeby Ci pomóc, więc oprowadzę Cię po grze",我的名字是 LPGozzzi。我是来帮助你的，所以我会给你一个游戏的简短介绍,我的名字是 LPGozzzi。我是來幫助你的，所以我會給你一個遊戲的簡短介紹,"Mit navn er LPGozzzi. Jeg er her for at hjælpe dig, så jeg giver dig en lille rundvisning i spillet","Benim adım LPGozzzi. Sana yardım etmek için buradayım, o yüzden sana küçük bir oyun turu sunacağım","Mening ismim LPGozzzi. Men sizga yordam berish uchun shu yerdaman, shuning uchun men sizga o'yinning kichik ekskursiyasini beraman","Mitt navn er LPGozzzi. Jeg er her for å hjelpe deg, så jeg skal gi deg en liten omvisning i spillet","Jag heter LPGozzzi. Jag är här för att hjälpa dig, så jag ska ge dig en liten rundtur i spelet","Numele meu este LPGozzzi. Sunt aici pentru a vă ajuta, așa că vă voi face un mic tur al jocului"
"This is Top Bar in which we have Setting Button, Name, Rank, and three different Currencies","This is Top Bar in which we have Setting Button, Name, Rank, and three different Currencies","Il s'agit de la barre supérieure dans laquelle nous avons le bouton de réglage, le nom, le classement et trois devises différentes.","Это верхняя панель, в которой есть кнопка настройки, имя, ранг и три разные валюты.","Dit is de bovenste balk waarin we de instellingsknop, naam, rang en drie verschillende valuta's hebben","Questa è la barra superiore in cui abbiamo il pulsante di impostazione, il nome, il grado e tre diverse valute","Esta é a barra superior na qual temos botão de configuração, nome, classificação e três moedas diferentes","Esta es la barra superior en la que tenemos el botón de configuración, el nombre, el rango y tres monedas diferentes.",これはトップバーで、設定ボタン、名前、ランク、および 3 つの異なる通貨があります。,นี่คือแถบด้านบนที่เรามีปุ่มการตั้งค่า ชื่อ อันดับ และสกุลเงินที่แตกต่างกันสามสกุล,"이것은 설정 버튼, 이름, 순위 및 세 가지 통화가 있는 상단 표시줄입니다.","Ito ang Top Bar kung saan mayroon kaming Setting Button, Name, Rank, at tatlong magkakaibang Currencies","Đây là Top Bar trong đó chúng tôi có Nút cài đặt, Tên, Xếp hạng và ba loại tiền tệ khác nhau","Ini ialah Bar Teratas di mana kita mempunyai Butang Tetapan, Nama, Kedudukan dan tiga Mata Wang berbeza","Ini adalah Top Bar di mana kita memiliki Tombol Pengaturan, Nama, Pangkat, dan tiga Mata Uang berbeda","To jest górny pasek, na którym mamy przycisk ustawień, nazwę, rangę i trzy różne waluty",这是顶部栏，其中有设置按钮、名称、排名和三种不同的货币,這是頂部欄，其中有設定按鈕、名稱、排名和三種不同的貨幣,"Dette er Top Bar, hvor vi har indstillingsknap, navn, rang og tre forskellige valutaer","Bu, Ayar Düğmesi, Ad, Sıralama ve üç farklı Para Biriminin bulunduğu Üst Çubuktur","Bu yuqori panel bo'lib, unda bizda sozlash tugmasi, ism, daraja va uch xil valyuta mavjud","Dette er topplinjen der vi har innstillingsknapp, navn, rangering og tre forskjellige valutaer","Detta är Top Bar där vi har Inställningsknapp, Namn, Rank och tre olika valutor","Aceasta este Bara de sus în care avem Buton de setare, Nume, Clasare și trei monede diferite"
Click The Setting Button,Click The Setting Button,Cliquez sur le bouton de configuration,Нажмите кнопку настройки,Klik op de knop Instelling,Fare clic sul pulsante Impostazioni,Clique no botão de configuração,Haga clic en el botón de configuración,設定ボタンをクリックします,คลิกปุ่มการตั้งค่า,설정 버튼을 클릭하세요,I-click ang Button ng Setting,Bấm vào nút cài đặt,Klik Butang Tetapan,Klik Tombol Pengaturan,Kliknij przycisk ustawień,单击设置按钮,點選設定按鈕,Klik på knappen Indstilling,Ayar Düğmesine tıklayın,Sozlamalar tugmasini bosing,Klikk på Innstillingsknappen,Klicka på knappen Inställning,Faceți clic pe butonul de setare
This is the Setting menu where you can customize your settings,This is the Setting menu where you can customize your settings,Il s'agit du menu Paramètres dans lequel vous pouvez personnaliser vos paramètres,"Это меню настроек, в котором вы можете настроить свои параметры.",Dit is het menu Instellingen waarin u uw instellingen kunt aanpassen,Questo è il menu Impostazioni in cui puoi personalizzare le tue impostazioni,Este é o menu Configuração onde você pode personalizar suas configurações,Este es el menú de Configuración donde puedes personalizar tu configuración.,これは設定をカスタマイズできる設定メニューです,นี่คือเมนูการตั้งค่าที่คุณสามารถปรับแต่งการตั้งค่าของคุณได้,설정을 사용자 정의할 수 있는 설정 메뉴입니다.,Ito ang menu ng Setting kung saan maaari mong i-customize ang iyong mga setting,Đây là menu Cài đặt nơi bạn có thể tùy chỉnh cài đặt của mình,Ini ialah menu Tetapan di mana anda boleh menyesuaikan tetapan anda,Ini adalah menu Pengaturan di mana Anda dapat menyesuaikan pengaturan Anda,"To jest menu Ustawienia, w którym możesz dostosować swoje ustawienia",这是设置菜单，您可以在其中自定义设置,這是設定選單，您可以在其中自訂設置,"Dette er indstillingsmenuen, hvor du kan tilpasse dine indstillinger","Bu, ayarlarınızı özelleştirebileceğiniz Ayarlar menüsüdür",Bu sozlamalarni sozlashingiz mumkin bo'lgan Sozlamalar menyusi,Dette er innstillingsmenyen der du kan tilpasse innstillingene dine,Det här är inställningsmenyn där du kan anpassa dina inställningar,Acesta este meniul Setări unde vă puteți personaliza setările
"This Bottom Bar. It has Shop, Customization, Training and Profile Buttons","This Bottom Bar. It has Shop, Customization, Training and Profile Buttons","Cette barre inférieure. Il comporte des boutons Boutique, Personnalisation, Formation et Profil.","Это Нижний Бар. Он имеет кнопки «Магазин», «Настройка», «Обучение» и «Профиль».","Deze onderste balk. Het heeft winkel-, aanpassings-, trainings- en profielknoppen","Questa barra in basso. Dispone di pulsanti Negozio, Personalizzazione, Formazione e Profilo","Esta barra inferior. Possui botões de loja, personalização, treinamento e perfil","Esta barra inferior. Tiene botones de Tienda, Personalización, Formación y Perfil.",このボトムバー。ショップ、カスタマイズ、トレーニング、プロフィールボタンがあります,แถบด้านล่างนี้ มีปุ่มร้านค้า การปรับแต่ง การฝึกอบรม และโปรไฟล์,"이 하단 바. 상점, 사용자 정의, 교육 및 프로필 버튼이 있습니다.","Ang Bottom Bar na ito. Mayroon itong Shop, Customization, Training at Profile Buttons","Thanh dưới cùng này. Nó có các nút Cửa hàng, Tùy chỉnh, Đào tạo và Hồ sơ","Bar Bawah ini. Ia mempunyai Butang Kedai, Penyesuaian, Latihan dan Profil","Bilah Bawah ini. Ini memiliki Tombol Toko, Kustomisasi, Pelatihan dan Profil","Ten dolny pasek. Zawiera przyciski Sklep, Personalizacja, Szkolenia i Profil",这个底部栏。它有商店、定制、培训和个人资料按钮,這個底部欄。它有商店、定制、培訓和個人資料按鈕,"Denne nederste bjælke. Den har Butik-, Tilpasnings-, Trænings- og Profilknapper","Bu Alt Çubuk. Mağaza, Kişiselleştirme, Eğitim ve Profil Düğmeleri vardır","Bu pastki panel. Unda do'kon, sozlash, o'qitish va profil tugmalari mavjud","Denne bunnlinjen. Den har Butikk-, Tilpasnings-, Trenings- og Profilknapper","Denna bottenbar. Den har Butik-, Anpassnings-, Utbildnings- och Profilknappar","Această bară de jos. Are butoane pentru magazin, personalizare, antrenament și profil"
Click The Shop Button,Click The Shop Button,Cliquez sur le bouton Boutique,Нажмите кнопку «Магазин»,Klik op de winkelknop,Fai clic sul pulsante Acquista,Clique no botão Comprar,Haga clic en el botón Comprar,「ショップ」ボタンをクリックします,คลิกปุ่มร้านค้า,쇼핑 버튼을 클릭하세요,I-click ang Button ng Shop,Bấm vào nút mua hàng,Klik Butang Kedai,Klik Tombol Toko,Kliknij przycisk Sklep,单击商店按钮,點擊商店按鈕,Klik på Butik-knappen,Alışveriş Düğmesine tıklayın,Do'kon tugmasini bosing,Klikk på Butikk-knappen,Klicka på Butiksknappen,Faceți clic pe butonul Magazin
"This is Shop where you can buy Dinomonds, Dinocoins, B-DNA, Egg Capsules and Weekly Offers","This is Shop where you can buy Dinomonds, Dinocoins, B-DNA, Egg Capsules and Weekly Offers","C'est la boutique où vous pouvez acheter des Dinomonds, des Dinocoins, du B-DNA, des capsules d'œufs et des offres hebdomadaires.","Это магазин, где вы можете купить диномонды, динокоины, B-ДНК, яичные капсулы и еженедельные предложения.","Dit is een winkel waar je Dinomonds, Dinocoins, B-DNA, Eiercapsules en Weekaanbiedingen kunt kopen","Questo è il negozio dove puoi acquistare Dinomonds, Dinocoin, B-DNA, Capsule di uova e offerte settimanali","Esta é a Loja onde você pode comprar Dinomonds, Dinocoins, B-DNA, Egg Capsules e Ofertas Semanais","Esta es la tienda donde puedes comprar Dinomonds, Dinocoins, B-DNA, cápsulas de huevo y ofertas semanales.",これは、ダイノモンド、ダイノコイン、B-DNA、エッグカプセル、ウィークリーオファーを購入できるショップです,"นี่คือร้านค้าที่คุณสามารถซื้อ Dinomonds, Dinocoins, B-DNA, Egg Capsules และข้อเสนอรายสัปดาห์","다이노몬드, 다이노코인, B-DNA, 에그 캡슐 및 주간 상품을 구매할 수 있는 상점입니다.","Ito ang Shop kung saan makakabili ka ng Dinomonds, Dinocoins, B-DNA, Egg Capsules at Weekly Offers","Đây là Cửa hàng nơi bạn có thể mua Dinomonds, Dinocoins, B-DNA, Viên nang trứng và Ưu đãi hàng tuần","Ini ialah Kedai di mana anda boleh membeli Dinomond, Dinocoin, B-DNA, Kapsul Telur dan Tawaran Mingguan","Ini adalah Toko tempat Anda dapat membeli Dinomond, Dinocoin, B-DNA, Kapsul Telur, dan Penawaran Mingguan","To jest sklep, w którym możesz kupić Dinomondy, Dinocoiny, B-DNA, kapsułki z jajami i oferty cotygodniowe",这是您可以购买 Dinomonds、Dinocoins、B-DNA、Egg Capsules 和每周优惠的商店,這是您可以購買 Dinomonds、Dinocoins、B-DNA、Egg Capsules 和每週優惠的商店,"Dette er butik, hvor du kan købe dinomonds, dinocoins, B-DNA, ægkapsler og ugentlige tilbud","Burası Dinomond'ları, Dinocoin'leri, B-DNA'yı, Yumurta Kapsüllerini ve Haftalık Teklifleri satın alabileceğiniz Mağazadır","Bu siz Dinomonds, Dinocoins, B-DNK, tuxum kapsulalari va haftalik takliflarni sotib olishingiz mumkin bo'lgan do'kon.","Dette er butikk hvor du kan kjøpe Dinomonds, Dinocoins, B-DNA, Egg Capsules og Weekly Offers","Det här är butiken där du kan köpa Dinomonds, Dinocoins, B-DNA, Äggkapslar och veckoerbjudanden","Acesta este magazinul de unde puteți cumpăra Dinomonds, Dinocoins, B-DNA, capsule de ouă și oferte săptămânale"
"From here you can add B-DNA , Dinomonds and Dinocoins","From here you can add B-DNA , Dinomonds and Dinocoins","De là, vous pouvez ajouter du B-DNA, des Dinomonds et des Dinocoins.","Отсюда вы можете добавить B-DNA, Dinomonds и Dinocoins.","Vanaf hier kunt u B-DNA, Dinomonds en Dinocoins toevoegen","Da qui puoi aggiungere B-DNA, Dinomonds e Dinocoin","A partir daqui você pode adicionar B-DNA, Dinomonds e Dinocoins","Desde aquí puedes agregar B-DNA, Dinomonds y Dinocoins",ここから、B-DNA、Dinomonds、Dinocoins を追加できます,"จากที่นี่คุณสามารถเพิ่ม B-DNA , Dinomonds และ Dinocoins","여기에서 B-DNA, Dinomonds 및 Dinocoins를 추가할 수 있습니다.","Mula dito maaari kang magdagdag ng B-DNA , Dinomonds at Dinocoins","Từ đây bạn có thể thêm B-DNA, Dinomonds và Dinocoins","Dari sini anda boleh menambah B-DNA , Dinomond dan Dinocoins","Dari sini Anda dapat menambahkan B-DNA, Dinomond, dan Dinocoin","Stąd możesz dodać B-DNA, Dinomonds i Dinocoins",从这里您可以添加 B-DNA、Dinomonds 和 Dinocoins,從這裡您可以添加 B-DNA、Dinomonds 和 Dinocoins,"Herfra kan du tilføje B-DNA , Dinomonds og Dinocoins","Buradan B-DNA, Dinomond ve Dinocoin'leri ekleyebilirsiniz.","Bu yerdan siz B-DNK, Dinomonds va Dinocoins qo'shishingiz mumkin","Herfra kan du legge til B-DNA , Dinomonds og Dinocoins","Härifrån kan du lägga till B-DNA , Dinomonds och Dinocoins","De aici puteți adăuga B-DNA, Dinomonds și Dinocoins"
Click The Customization Button,Click The Customization Button,Cliquez sur le bouton de personnalisation,Нажмите кнопку настройки.,Klik op de aanpassingsknop,Fare clic sul pulsante Personalizzazione,Clique no botão de personalização,Haga clic en el botón de personalización,「カスタマイズ」ボタンをクリックします,คลิกปุ่มปรับแต่ง,사용자 정의 버튼을 클릭하세요,I-click ang Button sa Pag-customize,Nhấp vào nút tùy chỉnh,Klik Butang Penyesuaian,Klik Tombol Kustomisasi,Kliknij przycisk Dostosowywanie,单击自定义按钮,點擊自訂按鈕,Klik på knappen Tilpasning,Özelleştirme Düğmesine tıklayın,Moslashtirish tugmasini bosing,Klikk på tilpasningsknappen,Klicka på Anpassningsknappen,Faceți clic pe butonul de personalizare
This is Customization Panel where you can choose Dinosaurs to Fight to the Enemy.,This is Customization Panel where you can choose Dinosaurs to Fight to the Enemy.,Il s'agit du panneau de personnalisation dans lequel vous pouvez choisir des dinosaures pour combattre l'ennemi.,"Это панель настройки, где вы можете выбрать динозавров для борьбы с врагом.",Dit is het aanpassingspaneel waarin je dinosaurussen kunt kiezen om tegen de vijand te vechten.,Questo è il pannello di personalizzazione in cui puoi scegliere i dinosauri per combattere il nemico.,Este é o Painel de Personalização onde você pode escolher Dinossauros para Lutar contra o Inimigo.,Este es el Panel de personalización donde puedes elegir dinosaurios para luchar contra el enemigo.,これは、敵と戦う恐竜を選択できるカスタマイズパネルです。,นี่คือแผงการปรับแต่งที่คุณสามารถเลือกไดโนเสาร์เพื่อต่อสู้กับศัตรูได้,적과 싸울 공룡을 선택할 수 있는 커스터마이징 패널입니다.,Ito ang Customization Panel kung saan maaari kang pumili ng mga Dinosaur na Ipaglaban sa Kaaway.,Đây là Bảng tùy chỉnh nơi bạn có thể chọn Khủng long để chiến đấu với kẻ thù.,Ini ialah Panel Penyesuaian di mana anda boleh memilih Dinosaur untuk Melawan Musuh.,Ini adalah Panel Kustomisasi di mana Anda dapat memilih Dinosaurus untuk Melawan Musuh.,"To jest panel dostosowywania, w którym możesz wybrać dinozaury do walki z wrogiem.",这是自定义面板，您可以在其中选择恐龙与敌人作战。,這是自訂面板，您可以在其中選擇恐龍與敵人戰鬥。,"Dette er Customization Panel, hvor du kan vælge dinosaurer til at kæmpe mod fjenden.",Burası Düşmana Karşı Savaşacak Dinozorları seçebileceğiniz Özelleştirme Panelidir.,Bu Dushmanga qarshi kurashish uchun dinozavrlarni tanlashingiz mumkin bo'lgan moslashtirish paneli.,Dette er tilpasningspanelet der du kan velge dinosaurer å kjempe mot fienden.,Detta är anpassningspanelen där du kan välja Dinosaurier att slåss mot fienden.,Acesta este Panoul de personalizare unde puteți alege Dinozaurii pentru a lupta împotriva inamicului.
Click The Profile Button,Click The Profile Button,Cliquez sur le bouton Profil,Нажмите кнопку «Профиль»,Klik op de profielknop,Fare clic sul pulsante Profilo,Clique no botão Perfil,Haga clic en el botón Perfil,「プロフィール」ボタンをクリックします,คลิกปุ่มโปรไฟล์,프로필 버튼을 클릭하세요,I-click ang Pindutan ng Profile,Nhấp vào nút Hồ sơ,Klik Butang Profil,Klik Tombol Profil,Kliknij przycisk profilu,单击个人资料按钮,點擊個人資料按鈕,Klik på profilknappen,Profil Düğmesine tıklayın,Profil tugmasini bosing,Klikk på profilknappen,Klicka på profilknappen,Faceți clic pe butonul Profil
"This is your Profile where you can change your name, Check your Level, Check your Stats, Edit Achievement Badges.","This is your Profile where you can change your name, Check your Level, Check your Stats, Edit Achievement Badges.","Ceci est votre profil où vous pouvez changer votre nom, vérifier votre niveau, vérifier vos statistiques, modifier les badges de réussite.","Это ваш профиль, где вы можете изменить свое имя, проверить свой уровень, проверить свою статистику, изменить значки достижений.","Dit is je profiel waar je je naam kunt wijzigen, je niveau kunt controleren, je statistieken kunt bekijken en prestatiebadges kunt bewerken.","Questo è il tuo profilo dove puoi cambiare il tuo nome, controllare il tuo livello, controllare le tue statistiche, modificare i badge di conseguimento.","Este é o seu perfil onde você pode alterar seu nome, verificar seu nível, verificar suas estatísticas, editar emblemas de conquista.","Este es su perfil donde puede cambiar su nombre, verificar su nivel, verificar sus estadísticas, editar insignias de logros.",これはあなたのプロフィールで、名前の変更、レベルの確認、統計の確認、実績バッジの編集を行うことができます。,นี่คือโปรไฟล์ของคุณที่คุณสามารถเปลี่ยนชื่อ ตรวจสอบระดับ ตรวจสอบสถิติ แก้ไขป้ายความสำเร็จ,"이름 변경, 레벨 확인, 통계 확인, 업적 배지 편집 등을 할 수 있는 프로필입니다.","Ito ang iyong Profile kung saan maaari mong baguhin ang iyong pangalan, Suriin ang iyong Level, Suriin ang iyong Stats, I-edit ang Mga Badge ng Achievement.","Đây là Hồ sơ của bạn, nơi bạn có thể thay đổi tên, Kiểm tra cấp độ, Kiểm tra số liệu thống kê, Chỉnh sửa huy hiệu thành tích.","Ini ialah Profil anda di mana anda boleh menukar nama anda, Semak Tahap anda, Semak Statistik anda, Edit Lencana Pencapaian.","Ini adalah Profil Anda di mana Anda dapat mengubah nama Anda, Periksa Level Anda, Periksa Statistik Anda, Edit Lencana Pencapaian.","To jest Twój profil, w którym możesz zmienić swoje imię i nazwisko, sprawdzić swój poziom, sprawdzić statystyki i edytować odznaki za osiągnięcia.",这是您的个人资料，您可以在其中更改您的姓名、检查您的等级、检查您的统计数据、编辑成就徽章。,這是您的個人資料，您可以在其中更改您的姓名、檢查您的等級、檢查您的統計資料、編輯成就徽章。,"Dette er din profil, hvor du kan ændre dit navn, kontrollere dit niveau, tjekke din statistik, redigere præstationsmærker.","Burası adınızı değiştirebileceğiniz, Seviyenizi Kontrol edebileceğiniz, İstatistiklerinizi Kontrol edebileceğiniz, Başarı Rozetlerini Düzenleyebileceğiniz Profilinizdir.","Bu sizning profilingiz bo'lib, unda siz ismingizni o'zgartirishingiz, darajangizni tekshirishingiz, statistikangizni tekshirishingiz, muvaffaqiyat nishonlarini tahrirlashingiz mumkin.","Dette er din profil hvor du kan endre navn, sjekke nivået ditt, sjekke statistikken din, redigere prestasjonsmerker.","Det här är din profil där du kan ändra ditt namn, kontrollera din nivå, kontrollera din statistik, redigera prestationsmärken.","Acesta este profilul dvs. unde vă puteți schimba numele, vă puteți verifica nivelul, vă puteți verifica statisticile, puteți edita insignele de realizare."
OK! Now you are ready to battle so Gearup and get ready for your first battle,OK! Now you are ready to battle so Gearup and get ready for your first battle,"D'ACCORD! Vous êtes maintenant prêt à vous battre, alors préparez-vous et préparez-vous pour votre première bataille.","ХОРОШО! Теперь вы готовы к битве, поэтому готовьтесь к своей первой битве.","OK! Nu ben je klaar om te vechten, dus maak je klaar voor je eerste gevecht","OK! Ora sei pronto per combattere, quindi preparati e preparati per la tua prima battaglia","OK! Agora você está pronto para a batalha, então prepare-se para sua primeira batalha","¡DE ACUERDO! Ahora estás listo para luchar, así que prepárate para tu primera batalla.",わかりました！これで戦闘の準備が整ったので、装備を整えて最初の戦いに備えましょう,ตกลง! ตอนนี้คุณพร้อมที่จะต่อสู้แล้ว Gearup และเตรียมพร้อมสำหรับการต่อสู้ครั้งแรกของคุณ,좋아요! 이제 전투 준비가 완료되었습니다. 장비를 갖추고 첫 전투를 준비하세요.,OK! Ngayon ay handa ka nang makipaglaban kaya Gearup at maghanda para sa iyong unang labanan,ĐƯỢC RỒI! Bây giờ bạn đã sẵn sàng chiến đấu nên hãy trang bị và sẵn sàng cho trận chiến đầu tiên của bạn,OKEY! Sekarang anda sudah bersedia untuk bertempur jadi Gearup dan bersedia untuk pertempuran pertama anda,"OKE! Sekarang Anda siap bertempur, jadi bersiaplah dan bersiaplah untuk pertempuran pertama Anda","OK! Teraz jesteś gotowy do bitwy, więc przygotuj się na swoją pierwszą bitwę",好的！现在你已经准备好战斗了，所以做好准备，为你的第一场战斗做好准备,好的！現在你已經準備好戰鬥了，所以做好準備，為你的第一場戰鬥做好準備,"OKAY! Nu er du klar til at kæmpe, så Gearup og gør dig klar til din første kamp","TAMAM! Artık savaşmaya hazırsınız, bu yüzden Gearup'ı kullanın ve ilk savaşınıza hazırlanın",KELISHDIKMI! Endi siz Gearup bilan jang qilishga tayyorsiz va birinchi jangingizga tayyorlaning,"OK! Nå er du klar til å kjempe, så Gearup og gjør deg klar for din første kamp",ok! Nu är du redo att slåss så Gearup och gör dig redo för din första kamp,"BINE! Acum ești gata de luptă, așa că Gearup și pregătește-te pentru prima ta luptă"
"This is the top bar in which we have a Setting button, name, rank, and three different currencies.","This is the top bar in which we have a Setting button, name, rank, and three different currencies.","Il s'agit de la barre supérieure dans laquelle nous avons un bouton de configuration, un nom, un classement et trois devises différentes.","Это верхняя панель, на которой есть кнопка «Настройка», имя, звание и три разные валюты.","Dit is de bovenste balk waarin we een knop Instelling, naam, rang en drie verschillende valuta's hebben.","Questa è la barra in alto in cui abbiamo un pulsante Impostazioni, nome, grado e tre diverse valute.","Esta é a barra superior na qual temos um botão Configuração, nome, classificação e três moedas diferentes.","Esta es la barra superior en la que tenemos un botón de Configuración, nombre, rango y tres monedas diferentes.",これは上部のバーで、設定ボタン、名前、ランク、および 3 つの異なる通貨があります。,นี่คือแถบด้านบนที่เรามีปุ่มการตั้งค่า ชื่อ อันดับ และสกุลเงินที่แตกต่างกันสามสกุล,"이는 설정 버튼, 이름, 순위 및 세 가지 통화가 있는 상단 표시줄입니다.","Ito ang nangungunang bar kung saan mayroon kaming button na Setting, pangalan, ranggo, at tatlong magkakaibang mga currency.","Đây là thanh trên cùng nơi chúng ta có nút Cài đặt, tên, thứ hạng và ba loại tiền tệ khác nhau.","Ini ialah bar teratas di mana kami mempunyai butang Tetapan, nama, pangkat dan tiga mata wang berbeza.","Ini adalah bilah atas di mana kita memiliki tombol Pengaturan, nama, peringkat, dan tiga mata uang berbeda.","To jest górny pasek, w którym mamy przycisk Ustawienia, nazwę, rangę i trzy różne waluty.",这是顶部栏，其中有一个设置按钮、名称、等级和三种不同的货币。,這是頂部欄，其中有一個設定按鈕、名稱、等級和三種不同的貨幣。,"Dette er den øverste bjælke, hvor vi har en indstillingsknap, navn, rang og tre forskellige valutaer.","Bu, bir Ayar düğmesinin, adın, rütbenin ve üç farklı para biriminin bulunduğu üst çubuktur.","Bu bizda Sozlamalar tugmasi, ism, daraja va uch xil valyutaga ega bo'lgan yuqori paneldir.","Dette er den øverste linjen der vi har en Innstillingsknapp, navn, rangering og tre forskjellige valutaer.","Detta är den översta raden där vi har en inställningsknapp, namn, rankning och tre olika valutor.","Aceasta este bara de sus în care avem un buton de setare, un nume, un rang și trei monede diferite."
"This is the bottom bar. It has Shop, Customization, Training, and Profile buttons.","This is the bottom bar. It has Shop, Customization, Training, and Profile buttons.","C'est la barre du bas. Il comporte des boutons Boutique, Personnalisation, Formation et Profil.","Это нижняя полоса. Он имеет кнопки «Магазин», «Настройка», «Обучение» и «Профиль».","Dit is de onderste balk. Het heeft knoppen voor Winkel, Aanpassing, Training en Profiel.","Questa è la barra in basso. Dispone dei pulsanti Acquista, Personalizzazione, Formazione e Profilo.","Esta é a barra inferior. Possui botões Loja, Personalização, Treinamento e Perfil.","Esta es la barra inferior. Tiene botones Tienda, Personalización, Formación y Perfil.",これは一番下のバーです。ショップ、カスタマイズ、トレーニング、プロフィールのボタンがあります。,นี่คือแถบด้านล่าง มีปุ่มร้านค้า การปรับแต่ง การฝึกอบรม และโปรไฟล์,"하단바입니다. 상점, 사용자 정의, 교육 및 프로필 버튼이 있습니다.","Ito ang ibabang bar. Mayroon itong mga pindutan ng Shop, Customization, Training, at Profile.","Đây là thanh dưới cùng. Nó có các nút Cửa hàng, Tùy chỉnh, Đào tạo và Hồ sơ.","Ini ialah bar bawah. Ia mempunyai butang Kedai, Penyesuaian, Latihan dan Profil.","Ini adalah bilah paling bawah. Ini memiliki tombol Toko, Kustomisasi, Pelatihan, dan Profil.","To jest dolny pasek. Zawiera przyciski Sklep, Personalizacja, Szkolenie i Profil.",这是底部栏。它有商店、定制、培训和个人资料按钮。,這是底部欄。它有商店、自訂、培訓和個人資料按鈕。,"Dette er den nederste bjælke. Den har Butik, Tilpasning, Træning og Profil knapper.","Bu alt çubuktur. Mağaza, Özelleştirme, Eğitim ve Profil düğmelerine sahiptir.","Bu pastki satr. Unda Do'kon, Moslashtirish, Trening va Profil tugmalari mavjud.","Dette er den nederste linjen. Den har Butikk-, Tilpasnings-, Trenings- og Profilknapper.","Detta är den nedre raden. Den har knappar Butik, Anpassning, Utbildning och Profil.","Aceasta este bara de jos. Are butoanele Shop, Personalizare, Training și Profil."
"This is the Shop where you can buy Dinomonds, Dinocoins, B-DNA, Egg Capsules, and Weekly Offers.","This is the Shop where you can buy Dinomonds, Dinocoins, B-DNA, Egg Capsules, and Weekly Offers.","C'est la boutique où vous pouvez acheter des Dinomonds, des Dinocoins, du B-DNA, des capsules d'œufs et des offres hebdomadaires.","Это магазин, где вы можете купить диномонды, динокоины, B-ДНК, яичные капсулы и еженедельные предложения.","Dit is de winkel waar je Dinomonds, Dinocoins, B-DNA, Eiercapsules en Weekaanbiedingen kunt kopen.","Questo è il negozio dove puoi acquistare Dinomonds, Dinocoin, B-DNA, Capsule di uova e Offerte settimanali.","Esta é a Loja onde você pode comprar Dinomonds, Dinocoins, B-DNA, Egg Capsules e Ofertas Semanais.","Esta es la tienda donde puedes comprar Dinomonds, Dinocoins, B-DNA, Cápsulas de Huevo y Ofertas Semanales.",ここは、ダイノモンド、ダイノコイン、B-DNA、エッグカプセル、ウィークリーオファーを購入できるショップです。,นี่คือร้านค้าที่คุณสามารถซื้อไดโนมอนด์ ไดโนคอยน์ B-DNA แคปซูลไข่ และข้อเสนอรายสัปดาห์,"다이노몬드, 다이노코인, B-DNA, 에그 캡슐, 주간 상품을 구매할 수 있는 상점입니다.","Ito ang Shop kung saan makakabili ka ng Dinomonds, Dinocoins, B-DNA, Egg Capsules, at Weekly Offers.","Đây là Cửa hàng nơi bạn có thể mua Dinomonds, Dinocoins, B-DNA, Viên nang trứng và Ưu đãi hàng tuần.","Ini ialah Kedai di mana anda boleh membeli Dinomond, Dinocoin, B-DNA, Kapsul Telur dan Tawaran Mingguan.","Ini adalah Toko tempat Anda dapat membeli Dinomond, Dinocoin, B-DNA, Kapsul Telur, dan Penawaran Mingguan.","To jest sklep, w którym możesz kupić Dinomondy, Dinocoiny, B-DNA, Kapsułki z jajami i Oferty Tygodniowe.",您可以在这家商店购买 Dinomonds、Dinocoins、B-DNA、蛋胶囊和每周优惠。,您可以在這家商店購買 Dinomonds、Dinocoins、B-DNA、蛋膠囊和每週優惠。,"Dette er butikken, hvor du kan købe dinomonds, dinocoins, B-DNA, ægkapsler og ugentlige tilbud.","Burası Dinomond'ları, Dinocoin'leri, B-DNA'yı, Yumurta Kapsüllerini ve Haftalık Teklifleri satın alabileceğiniz Mağazadır.","Bu siz Dinomonds, Dinocoins, B-DNK, tuxum kapsulalari va haftalik takliflarni sotib olishingiz mumkin bo'lgan do'kon.","Dette er butikken hvor du kan kjøpe Dinomonds, Dinocoins, B-DNA, Egg Capsules og Weekly Offers.","Det här är butiken där du kan köpa Dinomonds, Dinocoins, B-DNA, Egg Capsules och Weekly Offers.","Acesta este magazinul de unde puteți cumpăra Dinomonds, Dinocoins, B-DNA, Egg Capsule și Oferte săptămânale."
"From here, you can add B-DNA, Dinomonds, and Dinocoins.","From here, you can add B-DNA, Dinomonds, and Dinocoins.","À partir de là, vous pouvez ajouter du B-DNA, des Dinomonds et des Dinocoins.","Отсюда вы можете добавить B-DNA, Dinomonds и Dinocoins.","Vanaf hier kunt u B-DNA, Dinomonds en Dinocoins toevoegen.","Da qui puoi aggiungere B-DNA, Dinomonds e Dinocoin.","A partir daqui, você pode adicionar B-DNA, Dinomonds e Dinocoins.","Desde aquí, puede agregar B-DNA, Dinomonds y Dinocoins.",ここから、B-DNA、Dinomonds、Dinocoins を追加できます。,"จากที่นี่ คุณสามารถเพิ่ม B-DNA, Dinomonds และ Dinocoins ได้","여기에서 B-DNA, 다이노몬드, 다이노코인을 추가할 수 있습니다.","Mula dito, maaari kang magdagdag ng B-DNA, Dinomonds, at Dinocoins.","Từ đây, bạn có thể thêm B-DNA, Dinomonds và Dinocoins.","Dari sini, anda boleh menambah B-DNA, Dinomond dan Dinocoin.","Dari sini, Anda dapat menambahkan B-DNA, Dinomond, dan Dinocoin.","Stąd możesz dodać B-DNA, Dinomonds i Dinocoins.",从这里，您可以添加 B-DNA、Dinomonds 和 Dinocoins。,從這裡，您可以添加 B-DNA、Dinomonds 和 Dinocoins。,"Herfra kan du tilføje B-DNA, Dinomonds og Dinocoins.","Buradan B-DNA, Dinomond ve Dinocoin'leri ekleyebilirsiniz.","Bu yerdan siz B-DNK, Dinomonds va Dinocoins qo'shishingiz mumkin.","Herfra kan du legge til B-DNA, Dinomonds og Dinocoins.","Härifrån kan du lägga till B-DNA, Dinomonds och Dinocoins.","De aici, puteți adăuga B-DNA, Dinomonds și Dinocoins."
Click The Customize Button,Click The Customize Button,Cliquez sur le bouton Personnaliser,Нажмите кнопку «Настроить»,Klik op de knop Aanpassen,Fare clic sul pulsante Personalizza,Clique no botão Personalizar,Haga clic en el botón Personalizar,「カスタマイズ」ボタンをクリックします,คลิกปุ่มปรับแต่ง,사용자 정의 버튼을 클릭하세요,I-click ang Button na I-customize,Nhấp vào nút Tùy chỉnh,Klik Butang Sesuaikan,Klik Tombol Kustomisasi,Kliknij przycisk Dostosuj,单击自定义按钮,點擊自訂按鈕,Klik på knappen Tilpas,Özelleştir Düğmesine tıklayın,Moslashtirish tugmasini bosing,Klikk på Tilpass-knappen,Klicka på knappen Anpassa,Faceți clic pe butonul Personalizare
This is the Customization Panel where you can choose dinosaurs to fight against the enemy.,This is the Customization Panel where you can choose dinosaurs to fight against the enemy.,Il s'agit du panneau de personnalisation où vous pouvez choisir des dinosaures pour combattre l'ennemi.,"Это панель настройки, где вы можете выбирать динозавров для борьбы с врагом.",Dit is het aanpassingspaneel waarin je dinosaurussen kunt kiezen om tegen de vijand te vechten.,Questo è il pannello di personalizzazione in cui puoi scegliere i dinosauri per combattere contro il nemico.,Este é o Painel de Personalização onde você pode escolher dinossauros para lutar contra o inimigo.,Este es el Panel de Personalización donde podrás elegir dinosaurios para luchar contra el enemigo.,これは、敵と戦う恐竜を選択できるカスタマイズ パネルです。,นี่คือแผงการปรับแต่งที่คุณสามารถเลือกไดโนเสาร์เพื่อต่อสู้กับศัตรูได้,적과 싸울 공룡을 선택할 수 있는 커스터마이징 패널입니다.,Ito ang Customization Panel kung saan maaari kang pumili ng mga dinosaur para labanan ang kalaban.,Đây là Bảng tùy chỉnh nơi bạn có thể chọn khủng long để chiến đấu chống lại kẻ thù.,Ini ialah Panel Penyesuaian di mana anda boleh memilih dinosaur untuk melawan musuh.,Ini adalah Panel Kustomisasi tempat Anda dapat memilih dinosaurus untuk bertarung melawan musuh.,"To jest panel dostosowywania, w którym możesz wybrać dinozaury do walki z wrogiem.",这是自定义面板，您可以在其中选择恐龙来对抗敌人。,這是自訂面板，您可以在其中選擇恐龍來對抗敵人。,"Dette er Customization Panel, hvor du kan vælge dinosaurer til at kæmpe mod fjenden.",Burası düşmana karşı savaşmak için dinozorları seçebileceğiniz Özelleştirme Panelidir.,Bu dushmanga qarshi kurashish uchun dinozavrlarni tanlashingiz mumkin bo'lgan moslashtirish paneli.,Dette er tilpasningspanelet hvor du kan velge dinosaurer for å kjempe mot fienden.,Det här är anpassningspanelen där du kan välja dinosaurier att slåss mot fienden.,Acesta este panoul de personalizare unde puteți alege dinozauri pentru a lupta împotriva inamicului.
"Okay! Now, you are ready to battle, so gear up and get ready for your first battle.","Okay! Now, you are ready to battle, so gear up and get ready for your first battle.","D'accord! Maintenant, vous êtes prêt à vous battre, alors préparez-vous et préparez-vous pour votre première bataille.","Хорошо! Теперь вы готовы к битве, так что готовьтесь к первой битве.","Oké! Nu ben je klaar om te strijden, dus bereid je voor op je eerste gevecht.","Va bene! Ora sei pronto per combattere, quindi preparati e preparati per la tua prima battaglia.","OK! Agora você está pronto para a batalha, então prepare-se para sua primeira batalha.","¡Bueno! Ahora estás listo para la batalla, así que prepárate y prepárate para tu primera batalla.",わかった！これで戦闘の準備が整ったので、装備を整えて最初の戦いに備えましょう。,ตกลง! ตอนนี้คุณพร้อมที่จะต่อสู้แล้ว ดังนั้นให้เตรียมพร้อมและเตรียมพร้อมสำหรับการต่อสู้ครั้งแรกของคุณ,좋아요! 이제 전투 준비가 완료되었습니다. 장비를 갖추고 첫 번째 전투를 준비하세요.,"Sige! Ngayon, handa ka nang lumaban, kaya maghanda at maghanda para sa iyong unang laban.","Được rồi! Bây giờ, bạn đã sẵn sàng chiến đấu, vì vậy hãy chuẩn bị sẵn sàng cho trận chiến đầu tiên của mình.","Baik! Sekarang, anda sudah bersedia untuk bertempur, jadi bersiap sedia untuk pertempuran pertama anda.","Oke! Sekarang, Anda siap bertempur, jadi bersiaplah dan bersiap untuk pertempuran pertama Anda.","Dobra! Teraz jesteś gotowy do bitwy, więc przygotuj się i przygotuj się na swoją pierwszą bitwę.",好的！现在，您已准备好战斗，因此请做好准备，为您的第一场战斗做好准备。,好的！現在，您已準備好戰鬥，因此請做好準備，為您的第一場戰鬥做好準備。,"Okay! Nu er du klar til at kæmpe, så gear op og gør dig klar til din første kamp.","Tamam aşkım! Artık savaşmaya hazırsınız, o halde donanımınızı kuşanın ve ilk savaşınıza hazırlanın.","Xop! Endi siz jangga tayyorsiz, shuning uchun tayyorlaning va birinchi jangingizga tayyorlaning.","Greit! Nå er du klar til å kjempe, så gjør deg klar og gjør deg klar for din første kamp.","Okej! Nu är du redo att slåss, så förbered dig och gör dig redo för din första kamp.","Bine! Acum, ești gata de luptă, așa că pregătește-te și pregătește-te pentru prima ta luptă."
SELECT YOUR LANGUAGE,SELECT YOUR LANGUAGE,CHOISISSEZ VOTRE LANGUE,ВЫБЕРИТЕ ВАШ ЯЗЫК,SELECTEER JE TAAL,SELEZIONA LA TUA LINGUA,SELECIONE SUA LINGUA,ELIGE TU IDIOMA,あなたが使う言語を選んでください,เลือกภาษาของคุณ,언어를 선택하세요,PILIIN ANG IYONG WIKA,CHỌN NGÔN NGỮ CỦA BẠN,PILIH BAHASA ANDA,PILIH BAHASAMU,WYBIERZ SWÓJ JĘZYK,选择你的语言,選擇你的語言,VÆLG DIT SPROG,DİLİNİZİ SEÇİNİZ,TILINI TANLA,VELG DITT SPRÅK,VÄLJ DITT SPRÅK,SELECTAȚI-VĂ LIMBA